scopeId,FAILURE_REASON,entityId,userId,createdOn,versionNumber,modifiedOn,cancelControl,submitterId,name,cancelRequested,objectId,status,canCancel,teamId,ci,spearman,team,f1,average_AUC,pearson,rmse
9614078,0,syn16809982,3360851,1537399373622,1,1537399386670,"{""submissionId"":""9681442"",""userId"":""3360851"",""canCancel"":false,""cancelRequested"":false}",3360851,predictions.csv,false,9681442,INVALID,false,NA,NA,NA,NA,NA,NA,NA,NA
9614078,,syn16809982,3360851,1537399538659,1,1537399553988,"{""submissionId"":""9681443"",""userId"":""3360851"",""canCancel"":false,""cancelRequested"":false}",3360851,predictions.csv,false,9681443,INVALID,false,NA,NA,NA,NA,NA,NA,NA,NA
9614078,,syn16809982,3360851,1537550456376,1,1537550647821,"{""submissionId"":""9681458"",""userId"":""3360851"",""canCancel"":false,""cancelRequested"":false}",3360851,predictions.csv,false,9681458,INVALID,false,NA,NA,NA,NA,NA,NA,NA,NA
9614078,,syn16809982,3360851,1537550956709,1,1537550975521,"{""submissionId"":""9681459"",""userId"":""3360851"",""canCancel"":false,""cancelRequested"":false}",3360851,predictions.csv,false,9681459,INVALID,false,NA,NA,NA,NA,NA,NA,NA,NA
9614078,Submission file is missing column: pKd_[M]_pred,syn16809884,3360851,1537555273782,1,1537555298544,"{""submissionId"":""9681460"",""userId"":""3360851"",""canCancel"":false,""cancelRequested"":false}",3360851,round_1_test_data.csv,false,9681460,INVALID,false,NA,NA,NA,NA,NA,NA,NA,NA
9614078,Submission file is missing column: pKd_[M]_pred,syn16809884,3360851,1537555367157,1,1537555378076,"{""submissionId"":""9681461"",""userId"":""3360851"",""canCancel"":false,""cancelRequested"":false}",3360851,round_1_test_data.csv,false,9681461,INVALID,false,NA,NA,NA,NA,NA,NA,NA,NA
9614078,Submission file is missing column: pKd_[M]_pred,syn16809883,3342573,1537561563154,1,1537564483614,"{""submissionId"":""9681463"",""userId"":""3342573"",""canCancel"":false,""cancelRequested"":false}",3342573,round_1_template.csv,false,9681463,INVALID,false,NA,NA,NA,NA,NA,NA,NA,NA
9614078,"Error tokenizing data. C error: Expected 1 fields in line 92, saw 2
",syn16815078,3342573,1537561866508,1,1537564485303,"{""submissionId"":""9681464"",""userId"":""3342573"",""canCancel"":false,""cancelRequested"":false}",3342573,roberts test submission,false,9681464,INVALID,false,NA,NA,NA,NA,NA,NA,NA,NA
9614078,Submission file should have 430 predictions,syn16815088,3342573,1537562281460,1,1537564486866,"{""submissionId"":""9681465"",""userId"":""3342573"",""canCancel"":false,""cancelRequested"":false}",3342573,roberts third test submission that should pass,false,9681465,INVALID,false,NA,NA,NA,NA,NA,NA,NA,NA
9614078,Invalid file path or buffer object type: <type 'NoneType'>,syn16815671,3377549,1537718936891,1,1537719003258,"{""submissionId"":""9681476"",""userId"":""3377549"",""canCancel"":false,""cancelRequested"":false}",3377549,test1,false,9681476,INVALID,false,NA,NA,NA,NA,NA,NA,NA,NA
9614078,"Error tokenizing data. C error: Expected 7 fields in line 92, saw 8
",syn16815672,3377549,1537720933422,1,1537721403576,"{""submissionId"":""9681477"",""userId"":""3377549"",""canCancel"":false,""cancelRequested"":false}",3377549,test2,false,9681477,INVALID,false,NA,NA,NA,NA,NA,NA,NA,NA
9614078,"Error tokenizing data. C error: Expected 7 fields in line 92, saw 8
",syn16815672,3377549,1537779037507,1,1537779602966,"{""submissionId"":""9681496"",""userId"":""3377549"",""canCancel"":false,""cancelRequested"":false}",3377549,test_monday,false,9681496,INVALID,false,NA,NA,NA,NA,NA,NA,NA,NA
9614078,Submission file is missing column: pKd_[M]_pred,syn16809883,3319983,1537852564995,1,1537885486984,"{""submissionId"":""9681513"",""userId"":""3319983"",""canCancel"":false,""cancelRequested"":false}",3319983,round_1_template.csv,false,9681513,INVALID,false,NA,NA,NA,NA,NA,NA,NA,NA
9614078,Submission file is missing column: pKd_[M]_pred,syn16809883,3319983,1537852603910,1,1537885488915,"{""submissionId"":""9681514"",""userId"":""3319983"",""canCancel"":false,""cancelRequested"":false}",3319983,round_1_template.csv,false,9681514,INVALID,false,NA,NA,NA,NA,NA,NA,NA,NA
9614078,Invalid file path or buffer object type: <type 'NoneType'>,syn16816689,3329347,1537864374196,1,1537885491932,"{""submissionId"":""9681515"",""userId"":""3329347"",""canCancel"":false,""cancelRequested"":false}",3329347,Dry_Run_IDG_DREAM,false,9681515,INVALID,false,NA,NA,NA,NA,NA,NA,NA,NA
9614078,"Error tokenizing data. C error: Expected 7 fields in line 92, saw 8
",syn16816732,3358839,1537887488731,1,1537887603422,"{""submissionId"":""9681520"",""userId"":""3358839"",""canCancel"":false,""cancelRequested"":false}",3358839,syn16816732,false,9681520,INVALID,false,NA,NA,NA,NA,NA,NA,NA,NA
9614078,"Error reading in submission file: Error tokenizing data. C error: Expected 7 fields in line 92, saw 8
",syn16816732,3358839,1537888944197,1,1537889403510,"{""submissionId"":""9681521"",""userId"":""3358839"",""canCancel"":false,""cancelRequested"":false}",3358839,predictions.csv,false,9681521,INVALID,false,NA,NA,NA,NA,NA,NA,NA,NA
9614078,"After merging submission file and gold standard, resulting table is missing predictions.",syn16822011,3358839,1537910195593,1,1537910403106,"{""submissionId"":""9681539"",""userId"":""3358839"",""canCancel"":false,""cancelRequested"":false}",3358839,novariancetest.csv,false,9681539,INVALID,false,NA,NA,NA,NA,NA,NA,NA,NA
9614078,"After merging submission file and gold standard, prediction column has variance of 0.",syn16822011,3358839,1537914983478,2,1537915202969,"{""submissionId"":""9681540"",""userId"":""3358839"",""canCancel"":false,""cancelRequested"":false}",3358839,novariancetest.csv,false,9681540,INVALID,false,NA,NA,NA,NA,NA,NA,NA,NA
9614078,"sequence item 0: expected string, int found",syn16822011,3358839,1537916479065,1,1537917003204,"{""submissionId"":""9681541"",""userId"":""3358839"",""canCancel"":false,""cancelRequested"":false}",3358839,novariancetest.csv,false,9681541,INVALID,false,NA,NA,NA,NA,NA,NA,NA,NA
9614078,Merge failed due to inconsistent values between submission file and validation file in one or more label columns at rows: 92,syn16822011,3358839,1537917753193,1,1537917816708,"{""submissionId"":""9681543"",""userId"":""3358839"",""canCancel"":false,""cancelRequested"":false}",3358839,novariancetest.csv,false,9681543,INVALID,false,NA,NA,NA,NA,NA,NA,NA,NA
9614078,,syn17012769,3377549,1539884990308,1,1539885008852,"{""submissionId"":""9681691"",""userId"":""3377549"",""canCancel"":false,""cancelRequested"":false}",3379336,PlosCB baseline,false,9681691,SCORED,false,3379336,0.6306,0.3757,PlosCB baseline,0.2041,0.6676,0.4052,1.2821
9614078,Error reading in submission file: Invalid file path or buffer object type: <type 'NoneType'>,syn15667962,3379393,1539996162963,1,1539996603825,"{""submissionId"":""9681709"",""userId"":""3379393"",""canCancel"":false,""cancelRequested"":false}",3379393,ANN_O1_T1,false,9681709,INVALID,false,NA,NA,NA,NA,NA,NA,NA,NA
9614078,,syn17013809,3379393,1539998153719,1,1539998407158,"{""submissionId"":""9681712"",""userId"":""3379393"",""canCancel"":false,""cancelRequested"":false}",3379393,eval_results.csv,false,9681712,SCORED,false,NA,0.5346,0.0536,An Nguyen,0.0584,0.5252,0.0474,1.5398
9614078,,syn17015156,3379393,1540345917879,1,1540346406643,"{""submissionId"":""9681729"",""userId"":""3379393"",""canCancel"":false,""cancelRequested"":false}",3379393,E9_I40_eval_results.csv,false,9681729,SCORED,false,NA,0.4828,0.0137,Andy Tran,0.2165,0.493,-0.0194,1.6139
9614078,,syn17015195,3379393,1540390760816,1,1540390806149,"{""submissionId"":""9681730"",""userId"":""3379393"",""canCancel"":false,""cancelRequested"":false}",3379393,E39_B720_eval_results.csv,false,9681730,SCORED,false,NA,0.5158,0.1345,Andy Tran,0.2917,0.5679,0.124,1.5624
9614078,,syn17015713,3378959,1540474931578,1,1540475408616,"{""submissionId"":""9681768"",""userId"":""3378959"",""canCancel"":false,""cancelRequested"":false}",3361565,N121_IDG_1025,false,9681768,SCORED,false,3361565,0.5553,0.0681,N121,0.4,0.5302,-0.0139,1.551
9614078,Error reading in submission file: Invalid file path or buffer object type: <type 'NoneType'>,syn15667962,3379434,1540582428033,1,1540582802932,"{""submissionId"":""9681786"",""userId"":""3379434"",""canCancel"":false,""cancelRequested"":false}",3379434,test,false,9681786,INVALID,false,NA,NA,NA,NA,NA,NA,NA,NA
9614078,Error reading in submission file: Invalid file path or buffer object type: <type 'NoneType'>,syn17016523,3379434,1540584437671,1,1540584603789,"{""submissionId"":""9681789"",""userId"":""3379434"",""canCancel"":false,""cancelRequested"":false}",3379434,test,false,9681789,INVALID,false,NA,NA,NA,NA,NA,NA,NA,NA
9614078,,syn17016556,3379434,1540584735478,1,1540585206668,"{""submissionId"":""9681790"",""userId"":""3379434"",""canCancel"":false,""cancelRequested"":false}",3379434,round_1_template.csv,false,9681790,SCORED,false,NA,0.539,0.0401,x qwer,0.0758,0.5228,0.0713,1.559
9614078,,syn17016687,3379434,1540589348785,1,1540589408897,"{""submissionId"":""9681793"",""userId"":""3379434"",""canCancel"":false,""cancelRequested"":false}",3379434,test,false,9681793,SCORED,false,NA,0.5714,0.2422,x qwer,0.2209,0.6306,0.259,1.1794
9614078,,syn17016833,3379434,1540655816695,1,1540656006810,"{""submissionId"":""9681806"",""userId"":""3379434"",""canCancel"":false,""cancelRequested"":false}",3379434,round_1_template.csv,false,9681806,SCORED,false,NA,0.5747,0.2302,x qwer,0.1928,0.6131,0.2153,1.2058
9614078,Error reading in submission file: Invalid file path or buffer object type: <type 'NoneType'>,syn15667962,1967407,1540739011447,1,1540739405370,"{""submissionId"":""9681822"",""userId"":""1967407"",""canCancel"":false,""cancelRequested"":false}",3343575,MCIC,false,9681822,INVALID,false,3343575,NA,NA,NA,NA,NA,NA,NA
9614078,Error reading in submission file: Invalid file path or buffer object type: <type 'NoneType'>,syn17016902,1967407,1540740035101,1,1540740603295,"{""submissionId"":""9681823"",""userId"":""1967407"",""canCancel"":false,""cancelRequested"":false}",3343575,MCIC,false,9681823,INVALID,false,3343575,NA,NA,NA,NA,NA,NA,NA
9614078,Error reading in submission file: Invalid file path or buffer object type: <type 'NoneType'>,syn17016905,1967407,1540741887997,1,1540742403269,"{""submissionId"":""9681824"",""userId"":""1967407"",""canCancel"":false,""cancelRequested"":false}",3343575,MCIC,false,9681824,INVALID,false,3343575,NA,NA,NA,NA,NA,NA,NA
9614078,"Error reading in submission file: Error tokenizing data. C error: Expected 1 fields in line 183, saw 2
",syn17016906,1967407,1540744686596,1,1540744802736,"{""submissionId"":""9681825"",""userId"":""1967407"",""canCancel"":false,""cancelRequested"":false}",3343575,MCIC,false,9681825,INVALID,false,3343575,NA,NA,NA,NA,NA,NA,NA
9614078,,syn17016908,1967407,1540745551197,1,1540746006322,"{""submissionId"":""9681826"",""userId"":""1967407"",""canCancel"":false,""cancelRequested"":false}",3343575,MCIC,false,9681826,SCORED,false,3343575,0.5931,0.3529,MCIC,0.2133,0.6851,0.3458,1.1795
9614078,,syn17017207,1967407,1540829536799,1,1540830006995,"{""submissionId"":""9681836"",""userId"":""1967407"",""canCancel"":false,""cancelRequested"":false}",3343575,round_1_template.csv,false,9681836,SCORED,false,3343575,0.5808,0.3344,MCIC,0.0317,0.6608,0.2372,1.2175
9614078,,syn17018656,3379678,1540865516883,1,1540866006373,"{""submissionId"":""9681850"",""userId"":""3379678"",""canCancel"":false,""cancelRequested"":false}",3379678,average_results.csv,false,9681850,SCORED,false,NA,0.4963,-5.0E-4,KinaseX,0.0147,0.4819,-0.0183,1.5347
9614078,,syn17018665,3379678,1540879789334,1,1540879808684,"{""submissionId"":""9681854"",""userId"":""3379678"",""canCancel"":false,""cancelRequested"":false}",3379678,Ridge_All0_eval_results.csv,false,9681854,SCORED,false,NA,0.4849,-0.0632,KinaseX,0.1104,0.4781,-0.0846,1.8667
9614078,,syn17018698,3379678,1540886987334,1,1540887008878,"{""submissionId"":""9681864"",""userId"":""3379678"",""canCancel"":false,""cancelRequested"":false}",3379678,average_results_PFS3284.csv,false,9681864,SCORED,false,NA,0.4448,-0.1554,KinaseX,0.186,0.4129,-0.1047,1.9102
9614078,Submission file is missing column: pKd_[M]_pred,syn16809883,3321508,1540951903298,1,1540952402817,"{""submissionId"":""9681915"",""userId"":""3321508"",""canCancel"":false,""cancelRequested"":false}",3332429,round_1_template.csv,false,9681915,INVALID,false,3332429,NA,NA,NA,NA,NA,NA,NA
9614078,Error reading in submission file: Invalid file path or buffer object type: <type 'NoneType'>,syn17020230,3321508,1540952114751,1,1540952404757,"{""submissionId"":""9681916"",""userId"":""3321508"",""canCancel"":false,""cancelRequested"":false}",3332429,zzzz,false,9681916,INVALID,false,3332429,NA,NA,NA,NA,NA,NA,NA
9614078,,syn17020231,3321508,1540953246764,1,1540953607431,"{""submissionId"":""9681917"",""userId"":""3321508"",""canCancel"":false,""cancelRequested"":false}",3332429,round_1_template_predictions.csv,false,9681917,SCORED,false,3332429,0.6829,0.5353,AI Winter is Coming,0.3205,0.7636,0.5363,1.2525
9614078,,syn17021108,3368024,1541093132160,1,1541093409716,"{""submissionId"":""9681982"",""userId"":""3368024"",""canCancel"":false,""cancelRequested"":false}",3368024,round_1_submission.csv,false,9681982,SCORED,false,NA,0.5796,0.3297,Gregory Koytiger,0.381,0.6528,0.313,1.2188
9614078,,syn17021108,3368024,1541105603267,2,1541106007028,"{""submissionId"":""9681991"",""userId"":""3368024"",""canCancel"":false,""cancelRequested"":false}",3368024,1534783153.7716007,false,9681991,SCORED,false,NA,0.6417,0.3968,Gregory Koytiger,0.2857,0.6883,0.4011,1.3309
9614078,,syn17021376,1967585,1541110341658,1,1541110807216,"{""submissionId"":""9681992"",""userId"":""1967585"",""canCancel"":false,""cancelRequested"":false}",3379017,Jack Skellington,false,9681992,SCORED,false,3379017,0.606,0.4687,Lasige_KInhibitors,0.4249,0.7539,0.4973,1.1036
9614078,,syn17021806,3366764,1541150127218,1,1541150406734,"{""submissionId"":""9682005"",""userId"":""3366764"",""canCancel"":false,""cancelRequested"":false}",3366764,first,false,9682005,SCORED,false,NA,0.5216,0.0895,Munhwan Lee,0.3309,0.5583,0.0877,1.3691
9614078,,syn17021807,3366764,1541154015903,1,1541154608605,"{""submissionId"":""9682006"",""userId"":""3366764"",""canCancel"":false,""cancelRequested"":false}",3366764,second_epoch5,false,9682006,SCORED,false,NA,0.5074,0.0376,Munhwan Lee,0.3298,0.5314,0.0064,1.378
9614078,,syn17021808,3366764,1541154927444,1,1541155207207,"{""submissionId"":""9682007"",""userId"":""3366764"",""canCancel"":false,""cancelRequested"":false}",3366764,e54,false,9682007,SCORED,false,NA,0.5577,0.1005,Munhwan Lee,0.3709,0.5603,0.0958,1.3934
9614078,,syn17022534,3321443,1541236641991,1,1541236807197,"{""submissionId"":""9682045"",""userId"":""3321443"",""canCancel"":false,""cancelRequested"":false}",3378782,syn15667962 baseline,false,9682045,SCORED,false,3378782,0.5885,0.3025,AKinase,0.1314,0.6672,0.3429,1.4137
9614078,,syn17022538,3321338,1541239539779,1,1541239809645,"{""submissionId"":""9682047"",""userId"":""3321338"",""canCancel"":false,""cancelRequested"":false}",3321338,submit1.csv,false,9682047,SCORED,false,NA,0.6093,0.2876,Shadow Burn,0.3936,0.6465,0.3105,1.1639
9614078,,syn17022542,1967585,1541247242012,1,1541247606517,"{""submissionId"":""9682049"",""userId"":""1967585"",""canCancel"":false,""cancelRequested"":false}",3379017,Sally Finkelstein,false,9682049,SCORED,false,3379017,0.6033,0.452,Lasige_KInhibitors,0.4412,0.7424,0.4752,1.1243
9614078,,syn17022634,3378928,1541358517704,1,1541358608229,"{""submissionId"":""9682086"",""userId"":""3378928"",""canCancel"":false,""cancelRequested"":false}",3378928,round_1.csv,false,9682086,SCORED,false,NA,0.435,0.0059,Chao Liu,0.0,0.4875,-8.0E-4,9.6693
9614078,Error reading in submission file: Invalid file path or buffer object type: <type 'NoneType'>,syn17023208,3379229,1541452407054,1,1541452802813,"{""submissionId"":""9682245"",""userId"":""3379229"",""canCancel"":false,""cancelRequested"":false}",3379235,"1st Submission (numLearners=20, bag=F, r=0.7, baseLearner='rls_kron', lambda = 0.125)",false,9682245,INVALID,false,3379235,NA,NA,NA,NA,NA,NA,NA
9614078,,syn17023215,3379229,1541455450999,1,1541455808260,"{""submissionId"":""9682269"",""userId"":""3379229"",""canCancel"":false,""cancelRequested"":false}",3379235,"ensembler(numLearners = 20, bag = F, r = 0.7, baseLearner = 'rls_kron', lambda = 0.125)",false,9682269,SCORED,false,3379235,0.5566,0.1898,Dainanahan,0.1194,0.579,0.2012,1.1816
9614078,,syn17023358,3365527,1541473621296,1,1541473808319,"{""submissionId"":""9682320"",""userId"":""3365527"",""canCancel"":false,""cancelRequested"":false}",3365527,Baseline,false,9682320,SCORED,false,NA,0.585,0.2255,David Koes,0.3014,0.6287,0.2018,1.3187
9614078,,syn17023622,3321338,1541515661659,1,1541515809370,"{""submissionId"":""9682503"",""userId"":""3321338"",""canCancel"":false,""cancelRequested"":false}",3321338,submit2.csv,false,9682503,SCORED,false,NA,0.698,0.5523,Shadow Burn,0.4681,0.7975,0.5442,1.125
9614078,Error reading in submission file: Invalid file path or buffer object type: <type 'NoneType'>,syn17023673,3379965,1541521572819,1,1541521804043,"{""submissionId"":""9682506"",""userId"":""3379965"",""canCancel"":false,""cancelRequested"":false}",3379965,IDG-DREAM Drug-Kinase round1,false,9682506,INVALID,false,NA,NA,NA,NA,NA,NA,NA,NA
9614078,,syn17023754,3321508,1541543276346,1,1541543409264,"{""submissionId"":""9682510"",""userId"":""3321508"",""canCancel"":false,""cancelRequested"":false}",3332429,v2,false,9682510,SCORED,false,3332429,0.6612,0.4958,AI Winter is Coming,0.4246,0.7484,0.4935,1.192
9614078,,syn17023675,3379965,1541573313032,1,1541573407916,"{""submissionId"":""9682516"",""userId"":""3379965"",""canCancel"":false,""cancelRequested"":false}",3379965,round_1_template.csv,false,9682516,SCORED,false,NA,0.5471,0.2952,peng Yue,0.016,0.6338,0.2928,1.3529
9614078,,syn17023861,3379965,1541589931930,1,1541590209431,"{""submissionId"":""9682517"",""userId"":""3379965"",""canCancel"":false,""cancelRequested"":false}",3379965,round_1_template_2.csv,false,9682517,SCORED,false,NA,0.5164,0.114,peng Yue,0.0993,0.5749,0.1409,1.2502
9614078,Error reading in submission file: Invalid file path or buffer object type: <type 'NoneType'>,syn17023610,3336728,1541639313329,1,1541639403892,"{""submissionId"":""9682525"",""userId"":""3336728"",""canCancel"":false,""cancelRequested"":false}",3377646,TEST1116,false,9682525,INVALID,false,3377646,NA,NA,NA,NA,NA,NA,NA
9614078,,syn17024782,3336728,1541641026318,1,1541641206870,"{""submissionId"":""9682526"",""userId"":""3336728"",""canCancel"":false,""cancelRequested"":false}",3377646,round_1_template.csv,false,9682526,SCORED,false,3377646,0.5287,0.1092,Q.E.D,0.0292,0.5253,0.0937,1.5116
9614078,Error reading in submission file: Invalid file path or buffer object type: <type 'NoneType'>,syn17024784,3380306,1541652544281,1,1541652603978,"{""submissionId"":""9682527"",""userId"":""3380306"",""canCancel"":false,""cancelRequested"":false}",3380306,BBAB,false,9682527,INVALID,false,NA,NA,NA,NA,NA,NA,NA,NA
9614078,Error reading in submission file: Invalid file path or buffer object type: <type 'NoneType'>,syn17024786,3380306,1541653307057,1,1541653503122,"{""submissionId"":""9682528"",""userId"":""3380306"",""canCancel"":false,""cancelRequested"":false}",3380306,BBAB2,false,9682528,INVALID,false,NA,NA,NA,NA,NA,NA,NA,NA
9614078,Error reading in submission file: Invalid file path or buffer object type: <type 'NoneType'>,syn17024788,3380306,1541654802972,1,1541655003463,"{""submissionId"":""9682529"",""userId"":""3380306"",""canCancel"":false,""cancelRequested"":false}",3380306,BBAB3,false,9682529,INVALID,false,NA,NA,NA,NA,NA,NA,NA,NA
9614078,Error reading in submission file: Invalid file path or buffer object type: <type 'NoneType'>,syn17024790,3380306,1541657368520,1,1541657403213,"{""submissionId"":""9682530"",""userId"":""3380306"",""canCancel"":false,""cancelRequested"":false}",3380306,BBAB4,false,9682530,INVALID,false,NA,NA,NA,NA,NA,NA,NA,NA
9614078,Error reading in submission file: Invalid file path or buffer object type: <type 'NoneType'>,syn17024794,3380306,1541658308587,1,1541658604210,"{""submissionId"":""9682531"",""userId"":""3380306"",""canCancel"":false,""cancelRequested"":false}",3380306,BBAB5,false,9682531,INVALID,false,NA,NA,NA,NA,NA,NA,NA,NA
9614078,Error reading in submission file: Invalid file path or buffer object type: <type 'NoneType'>,syn17024816,3380306,1541682191842,1,1541682603628,"{""submissionId"":""9682532"",""userId"":""3380306"",""canCancel"":false,""cancelRequested"":false}",3380306,BBBB,false,9682532,INVALID,false,NA,NA,NA,NA,NA,NA,NA,NA
9614078,Error reading in submission file: Invalid file path or buffer object type: <type 'NoneType'>,syn17024818,3380306,1541683421653,1,1541683803950,"{""submissionId"":""9682533"",""userId"":""3380306"",""canCancel"":false,""cancelRequested"":false}",3380306,PRAY,false,9682533,INVALID,false,NA,NA,NA,NA,NA,NA,NA,NA
9614078,Error reading in submission file: Invalid file path or buffer object type: <type 'NoneType'>,syn17024820,3380306,1541684410720,1,1541685003567,"{""submissionId"":""9682534"",""userId"":""3380306"",""canCancel"":false,""cancelRequested"":false}",3380306,PRAY 2,false,9682534,INVALID,false,NA,NA,NA,NA,NA,NA,NA,NA
9614078,,syn17024828,3380306,1541687134838,1,1541687408363,"{""submissionId"":""9682538"",""userId"":""3380306"",""canCancel"":false,""cancelRequested"":false}",3380306,round_1_template(4).csv,false,9682538,SCORED,false,NA,0.5552,0.1691,LinZequan,0.3023,0.5945,0.1954,1.3332
9614078,,syn17025503,3365527,1541741795733,1,1541742006803,"{""submissionId"":""9682567"",""userId"":""3365527"",""canCancel"":false,""cancelRequested"":false}",3365527,correct baseline,false,9682567,SCORED,false,NA,0.5505,0.143,David Koes,0.2234,0.6048,0.1582,1.4379
9614078,,syn17025505,3379677,1541743488513,1,1541743808095,"{""submissionId"":""9682568"",""userId"":""3379677"",""canCancel"":false,""cancelRequested"":false}",3379677,average_results_my_kernel.csv,false,9682568,SCORED,false,NA,0.5438,0.1105,Synapse Synapse,0.08,0.5483,0.0973,1.533
9614078,,syn17025902,3319559,1541782260729,1,1541782807109,"{""submissionId"":""9682579"",""userId"":""3319559"",""canCancel"":false,""cancelRequested"":false}",3319559,baseline,false,9682579,SCORED,false,NA,0.6023,0.323,Yuanfang Guan 小黄药师,0.4254,0.6713,0.3122,1.6494
9614078,Error reading in submission file: Invalid file path or buffer object type: <type 'NoneType'>,syn15667962,1946958,1541787875030,1,1541788203610,"{""submissionId"":""9682580"",""userId"":""1946958"",""canCancel"":false,""cancelRequested"":false}",1946958,IDG-DREAM Drug-Kinase Binding Prediction Challenge,false,9682580,INVALID,false,NA,NA,NA,NA,NA,NA,NA,NA
9614078,"After merging submission file and gold standard, prediction column has variance of 0.",syn17025991,1946958,1541790672705,1,1541791203339,"{""submissionId"":""9682583"",""userId"":""1946958"",""canCancel"":false,""cancelRequested"":false}",1946958,round_1_template_1.csv,false,9682583,INVALID,false,NA,NA,NA,NA,NA,NA,NA,NA
9614078,,syn17026011,1946958,1541791039604,1,1541791208936,"{""submissionId"":""9682584"",""userId"":""1946958"",""canCancel"":false,""cancelRequested"":false}",1946958,round_1_template_2.csv,false,9682584,SCORED,false,NA,0.5,NaN,Leon Huang,0.4448,0.5,0.0,2.298
9614078,,syn17026014,1946958,1541791830342,1,1541792406974,"{""submissionId"":""9682585"",""userId"":""1946958"",""canCancel"":false,""cancelRequested"":false}",1946958,round_1_template_3.csv,false,9682585,SCORED,false,NA,0.5,NaN,Leon Huang,0.0,0.5,-0.0,1.2428
9614078,,syn17026025,3378816,1541794414854,1,1541794805843,"{""submissionId"":""9682586"",""userId"":""3378816"",""canCancel"":false,""cancelRequested"":false}",3378816,predictions.csv,false,9682586,SCORED,false,NA,0.5401,0.0274,Daniel Espinoza,0.4448,0.5125,0.0206,29.2535
9614078,,syn17026014,1946958,1541794965883,1,1541795408784,"{""submissionId"":""9682587"",""userId"":""1946958"",""canCancel"":false,""cancelRequested"":false}",1946958,round_1_template_3.csv,false,9682587,SCORED,false,NA,0.5,NaN,Leon Huang,0.0,0.5,-0.0,1.2428
9614078,,syn17036619,3380306,1541834215820,1,1541834407092,"{""submissionId"":""9682609"",""userId"":""3380306"",""canCancel"":false,""cancelRequested"":false}",3380306,sss.csv,false,9682609,SCORED,false,NA,0.556,0.0806,LinZequan,0.3951,0.5468,0.1098,2.9071
9614078,,syn17036879,3380306,1541840334918,1,1541840406184,"{""submissionId"":""9682610"",""userId"":""3380306"",""canCancel"":false,""cancelRequested"":false}",3380306,sss(2).csv,false,9682610,SCORED,false,NA,0.5119,0.1555,LinZequan,0.063,0.5832,0.2043,1.5978
9614078,,syn17036894,3379179,1541845467341,1,1541845807680,"{""submissionId"":""9682611"",""userId"":""3379179"",""canCancel"":false,""cancelRequested"":false}",3379179,round_1_predictions.csv,false,9682611,SCORED,false,NA,0.5664,0.1129,aob23,0.3102,0.5632,0.133,1.3569
9614078,,syn17036899,3379179,1541873277661,1,1541873408100,"{""submissionId"":""9682612"",""userId"":""3379179"",""canCancel"":false,""cancelRequested"":false}",3379179,round_1_predictions_training_set_only.csv,false,9682612,SCORED,false,NA,0.507,-0.0506,aob23,0.2914,0.4816,-0.0061,1.7494
9614078,Error reading in submission file: Invalid file path or buffer object type: <type 'NoneType'>,syn17022662,3345606,1541908975198,1,1541909403556,"{""submissionId"":""9682631"",""userId"":""3345606"",""canCancel"":false,""cancelRequested"":false}",3379198,Kinase_Binding,false,9682631,INVALID,false,3379198,NA,NA,NA,NA,NA,NA,NA
9614078,Error reading in submission file: Invalid file path or buffer object type: <type 'NoneType'>,syn17037334,3345606,1541909613116,1,1541910002836,"{""submissionId"":""9682632"",""userId"":""3345606"",""canCancel"":false,""cancelRequested"":false}",3379198,kinase_binding,false,9682632,INVALID,false,3379198,NA,NA,NA,NA,NA,NA,NA
9614078,,syn17037335,3345606,1541910752006,1,1541911206909,"{""submissionId"":""9682633"",""userId"":""3345606"",""canCancel"":false,""cancelRequested"":false}",3379198,Topologicaltrain_SVR.csv,false,9682633,SCORED,false,3379198,0.5316,0.2933,Let_Data_Talk,0.0,0.6243,0.2527,9.9595
9614078,Submission file is missing column: UniProt_Id,syn17037364,1967407,1541964591339,1,1541964603246,"{""submissionId"":""9682638"",""userId"":""1967407"",""canCancel"":false,""cancelRequested"":false}",3343575,MCIC,false,9682638,INVALID,false,3343575,NA,NA,NA,NA,NA,NA,NA
9614078,Error reading in submission file: Invalid file path or buffer object type: <type 'NoneType'>,syn17037363,1967407,1541964785294,1,1541965202634,"{""submissionId"":""9682639"",""userId"":""1967407"",""canCancel"":false,""cancelRequested"":false}",3343575,MCIC,false,9682639,INVALID,false,3343575,NA,NA,NA,NA,NA,NA,NA
9614078,Submission file is missing column: UniProt_Id,syn17037377,1967407,1541978467842,1,1541979004215,"{""submissionId"":""9682640"",""userId"":""1967407"",""canCancel"":false,""cancelRequested"":false}",3343575,MCIC,false,9682640,INVALID,false,3343575,NA,NA,NA,NA,NA,NA,NA
9614078,,syn17037377,1967407,1541979273159,2,1541979606215,"{""submissionId"":""9682641"",""userId"":""1967407"",""canCancel"":false,""cancelRequested"":false}",3343575,MCIC,false,9682641,SCORED,false,3343575,0.63,0.2933,MCIC,0.4397,0.6493,0.293,1.3909
9614078,,syn17037386,3380541,1541990853517,1,1541991009377,"{""submissionId"":""9682643"",""userId"":""3380541"",""canCancel"":false,""cancelRequested"":false}",3380541,submission.csv,false,9682643,SCORED,false,NA,0.6076,0.3192,men wifi,0.4131,0.6752,0.3547,1.2072
9614078,Error reading in submission file: Invalid file path or buffer object type: <type 'NoneType'>,syn17037396,3323762,1541996786588,1,1541997003472,"{""submissionId"":""9682646"",""userId"":""3323762"",""canCancel"":false,""cancelRequested"":false}",3378762,epm-13,false,9682646,INVALID,false,3378762,NA,NA,NA,NA,NA,NA,NA
9614078,Error reading in submission file: Invalid file path or buffer object type: <type 'NoneType'>,syn17037396,3323762,1541997516843,1,1541997603064,"{""submissionId"":""9682647"",""userId"":""3323762"",""canCancel"":false,""cancelRequested"":false}",3378762,epm-13,false,9682647,INVALID,false,3378762,NA,NA,NA,NA,NA,NA,NA
9614078,Error reading in submission file: Invalid file path or buffer object type: <type 'NoneType'>,syn17037396,3323762,1541997975045,1,1541998204083,"{""submissionId"":""9682648"",""userId"":""3323762"",""canCancel"":false,""cancelRequested"":false}",3378762,epm-13,false,9682648,INVALID,false,3378762,NA,NA,NA,NA,NA,NA,NA
9614078,Submission file is missing column: Compound_SMILES,syn17037400,3323762,1541998961699,1,1541999102788,"{""submissionId"":""9682649"",""userId"":""3323762"",""canCancel"":false,""cancelRequested"":false}",3378762,epm-13,false,9682649,INVALID,false,3378762,NA,NA,NA,NA,NA,NA,NA
9614078,,syn17037400,3323762,1541999280062,2,1541999407588,"{""submissionId"":""9682650"",""userId"":""3323762"",""canCancel"":false,""cancelRequested"":false}",3378762,epm-13,false,9682650,SCORED,false,3378762,0.5074,0.0353,KinaseHunter,0.2233,0.5344,0.0322,1.3339
9614078,,syn17037451,3380588,1542015744086,1,1542016208866,"{""submissionId"":""9682651"",""userId"":""3380588"",""canCancel"":false,""cancelRequested"":false}",3380588,pred_D15k_e401.csv,false,9682651,SCORED,false,NA,0.5625,0.1634,moon,0.4639,0.6142,0.1639,1.4237
9614078,,syn17037477,3380588,1542020266704,1,1542020406533,"{""submissionId"":""9682653"",""userId"":""3380588"",""canCancel"":false,""cancelRequested"":false}",3380588,pred_D15k_xgb_depth10.csv,false,9682653,SCORED,false,NA,0.563,0.18,moon,0.3318,0.6106,0.2158,1.223
9614078,Error reading in submission file: Invalid file path or buffer object type: <type 'NoneType'>,syn17037751,3329042,1542028909271,1,1542029403543,"{""submissionId"":""9682654"",""userId"":""3329042"",""canCancel"":false,""cancelRequested"":false}",3329042,round_1_template.csv,false,9682654,INVALID,false,NA,NA,NA,NA,NA,NA,NA,NA
9614078,,syn17037762,3329042,1542029710531,1,1542030005868,"{""submissionId"":""9682655"",""userId"":""3329042"",""canCancel"":false,""cancelRequested"":false}",3329042,round_1.csv,false,9682655,SCORED,false,NA,0.5488,0.2804,Georgi Kanev,0.3839,0.6545,0.3077,1.2977
9614078,Error reading in submission file: Invalid file path or buffer object type: <type 'NoneType'>,syn15667962,3379973,1542034870525,1,1542035403649,"{""submissionId"":""9682656"",""userId"":""3379973"",""canCancel"":false,""cancelRequested"":false}",3379977,LGBM_baseline,false,9682656,INVALID,false,3379977,NA,NA,NA,NA,NA,NA,NA
9614078,Error reading in submission file: Invalid file path or buffer object type: <type 'NoneType'>,syn15667962,3379973,1542034971015,1,1542035407882,"{""submissionId"":""9682657"",""userId"":""3379973"",""canCancel"":false,""cancelRequested"":false}",3379977,IDG-DREAM Drug-Kinase Binding Prediction Challenge,false,9682657,INVALID,false,3379977,NA,NA,NA,NA,NA,NA,NA
9614078,,syn17037971,3379973,1542036532166,1,1542036609917,"{""submissionId"":""9682658"",""userId"":""3379973"",""canCancel"":false,""cancelRequested"":false}",3379977,LGBM_init,false,9682658,SCORED,false,3379977,0.5946,0.348,multiscale,0.2781,0.7094,0.4115,1.2572
9614078,,syn17037982,3325229,1542038829149,1,1542039007733,"{""submissionId"":""9682659"",""userId"":""3325229"",""canCancel"":false,""cancelRequested"":false}",3325229,baseline,false,9682659,SCORED,false,NA,0.525,0.1562,Jocelyn Sunseri,0.3451,0.5944,0.1974,1.4876
9614078,,syn17038043,3378959,1542041973304,1,1542042006279,"{""submissionId"":""9682660"",""userId"":""3378959"",""canCancel"":false,""cancelRequested"":false}",3361565,round_1_template.csv,false,9682660,SCORED,false,3361565,0.6093,0.1934,N121,0.2941,0.6168,0.2189,1.2389
9614078,"Submission file has missing values, after converting prediction column to float values.",syn17038124,3378631,1542057100725,1,1542057602701,"{""submissionId"":""9682661"",""userId"":""3378631"",""canCancel"":false,""cancelRequested"":false}",3378631,DDTA_DS,false,9682661,INVALID,false,NA,NA,NA,NA,NA,NA,NA,NA
9614078,"Submission file has missing values, after converting prediction column to float values.",syn17038135,3378631,1542058565551,1,1542058803330,"{""submissionId"":""9682662"",""userId"":""3378631"",""canCancel"":false,""cancelRequested"":false}",3378631,DDTA_DS,false,9682662,INVALID,false,NA,NA,NA,NA,NA,NA,NA,NA
9614078,Merge failed due to inconsistent values between submission file and validation file in one or more label columns at rows: 92,syn17038158,3378631,1542059490227,1,1542060004008,"{""submissionId"":""9682663"",""userId"":""3378631"",""canCancel"":false,""cancelRequested"":false}",3378631,round_1_template_v1.csv,false,9682663,INVALID,false,NA,NA,NA,NA,NA,NA,NA,NA
9614078,"Submission file has missing values, after converting prediction column to float values.",syn17038249,3378631,1542060869212,1,1542061203283,"{""submissionId"":""9682664"",""userId"":""3378631"",""canCancel"":false,""cancelRequested"":false}",3378631,round_1_template_v1.csv,false,9682664,INVALID,false,NA,NA,NA,NA,NA,NA,NA,NA
9614078,,syn17038281,3378631,1542062108292,1,1542062406053,"{""submissionId"":""9682665"",""userId"":""3378631"",""canCancel"":false,""cancelRequested"":false}",3378631,round_1_template_v1.csv,false,9682665,SCORED,false,NA,0.6826,0.3413,hkmztrk,0.3392,0.6784,0.3489,1.1451
9614078,Error reading in submission file: Invalid file path or buffer object type: <type 'NoneType'>,syn17038344,3334154,1542068175212,1,1542068403305,"{""submissionId"":""9682666"",""userId"":""3334154"",""canCancel"":false,""cancelRequested"":false}",3334154,UNC_Round_1_p1,false,9682666,INVALID,false,NA,NA,NA,NA,NA,NA,NA,NA
9614078,,syn17038355,3333779,1542070807840,1,1542071407788,"{""submissionId"":""9682667"",""userId"":""3333779"",""canCancel"":false,""cancelRequested"":false}",3333779,IDG_L1_p1,false,9682667,SCORED,false,NA,0.999,0.5353,Stephen Capuzzi,0.5569,0.7636,0.5363,1.0734
9614078,Error reading in submission file: Invalid file path or buffer object type: <type 'NoneType'>,syn17038357,3379592,1542078096910,1,1542078603929,"{""submissionId"":""9682668"",""userId"":""3379592"",""canCancel"":false,""cancelRequested"":false}",3379592,w-round-1,false,9682668,INVALID,false,NA,NA,NA,NA,NA,NA,NA,NA
9614078,,syn17038360,3380541,1542080604325,1,1542081008819,"{""submissionId"":""9682669"",""userId"":""3380541"",""canCancel"":false,""cancelRequested"":false}",3380541,sub.csv,false,9682669,SCORED,false,NA,0.6014,0.3264,men wifi,0.4299,0.6789,0.3534,1.2154
9614078,,syn17038358,3379592,1542080714128,1,1542081014703,"{""submissionId"":""9682670"",""userId"":""3379592"",""canCancel"":false,""cancelRequested"":false}",3379592,result.csv,false,9682670,SCORED,false,NA,0.4649,0.0982,cheng_wx,0.3412,0.5617,0.0746,1.6579
9614078,,syn17038367,3379965,1542099280606,1,1542099606164,"{""submissionId"":""9682671"",""userId"":""3379965"",""canCancel"":false,""cancelRequested"":false}",3379965,round_1_template_3.csv,false,9682671,SCORED,false,NA,0.6151,0.3321,peng Yue,0.4608,0.6766,0.3275,1.2672
9614078,Error reading in submission file: Invalid file path or buffer object type: <type 'NoneType'>,syn17038385,3379970,1542102913960,1,1542103202910,"{""submissionId"":""9682672"",""userId"":""3379970"",""canCancel"":false,""cancelRequested"":false}",3379970,IDG-DREAM Drug-Kinase Binding Prediction Challenge (mlennox05),false,9682672,INVALID,false,NA,NA,NA,NA,NA,NA,NA,NA
9614078,Error reading in submission file: Invalid file path or buffer object type: <type 'NoneType'>,syn17038385,3379970,1542104305842,1,1542104403278,"{""submissionId"":""9682673"",""userId"":""3379970"",""canCancel"":false,""cancelRequested"":false}",3379970,Round 1 Submission,false,9682673,INVALID,false,NA,NA,NA,NA,NA,NA,NA,NA
9614078,Error reading in submission file: Invalid file path or buffer object type: <type 'NoneType'>,syn17038387,3379970,1542104800945,1,1542105002733,"{""submissionId"":""9682674"",""userId"":""3379970"",""canCancel"":false,""cancelRequested"":false}",3379970,IDG_DREAM_mlennox05,false,9682674,INVALID,false,NA,NA,NA,NA,NA,NA,NA,NA
9614078,Error reading in submission file: Invalid file path or buffer object type: <type 'NoneType'>,syn17038385,3379970,1542105836339,1,1542106202928,"{""submissionId"":""9682675"",""userId"":""3379970"",""canCancel"":false,""cancelRequested"":false}",3379970,IDG-DREAM Drug-Kinase Binding Prediction Challenge (mlennox05),false,9682675,INVALID,false,NA,NA,NA,NA,NA,NA,NA,NA
9614078,Error reading in submission file: Invalid file path or buffer object type: <type 'NoneType'>,syn17038385,3379970,1542106554207,1,1542106802857,"{""submissionId"":""9682676"",""userId"":""3379970"",""canCancel"":false,""cancelRequested"":false}",3379970,IDG-DREAM Drug-Kinase Binding Prediction Challenge (mlennox05),false,9682676,INVALID,false,NA,NA,NA,NA,NA,NA,NA,NA
9614078,,syn17038391,3319559,1542107653567,1,1542108007654,"{""submissionId"":""9682677"",""userId"":""3319559"",""canCancel"":false,""cancelRequested"":false}",3319559,Nov_13_submission.tsv,false,9682677,SCORED,false,NA,0.5694,0.309,Yuanfang Guan 小黄药师,0.25,0.661,0.3092,1.1574
9614078,Error reading in submission file: Invalid file path or buffer object type: <type 'NoneType'>,syn17038385,3379970,1542107776074,1,1542108002782,"{""submissionId"":""9682678"",""userId"":""3379970"",""canCancel"":false,""cancelRequested"":false}",3379970,IDG-DREAM Drug-Kinase Binding Prediction Challenge (mlennox05),false,9682678,INVALID,false,NA,NA,NA,NA,NA,NA,NA,NA
9614078,Error reading in submission file: Invalid file path or buffer object type: <type 'NoneType'>,syn17038385,3379970,1542108196137,1,1542108603844,"{""submissionId"":""9682679"",""userId"":""3379970"",""canCancel"":false,""cancelRequested"":false}",3379970,IDG-DREAM Drug-Kinase Binding Prediction Challenge (mlennox05),false,9682679,INVALID,false,NA,NA,NA,NA,NA,NA,NA,NA
9614078,Error reading in submission file: Invalid file path or buffer object type: <type 'NoneType'>,syn15667962,3379814,1542109012437,1,1542109203032,"{""submissionId"":""9682680"",""userId"":""3379814"",""canCancel"":false,""cancelRequested"":false}",3379815,CSBL_1,false,9682680,INVALID,false,3379815,NA,NA,NA,NA,NA,NA,NA
9614078,Error reading in submission file: Invalid file path or buffer object type: <type 'NoneType'>,syn17038396,3379970,1542109690871,1,1542109803306,"{""submissionId"":""9682681"",""userId"":""3379970"",""canCancel"":false,""cancelRequested"":false}",3379970,round_1_submission,false,9682681,INVALID,false,NA,NA,NA,NA,NA,NA,NA,NA
9614078,,syn17038397,3379970,1542109875394,1,1542110407103,"{""submissionId"":""9682682"",""userId"":""3379970"",""canCancel"":false,""cancelRequested"":false}",3379970,round_1_template.csv,false,9682682,SCORED,false,NA,0.4408,0.0616,Mark Lennox,0.3276,0.5195,0.0571,1.5503
9614078,Error reading in submission file: Invalid file path or buffer object type: <type 'NoneType'>,syn17038394,3379814,1542110552741,1,1542111003634,"{""submissionId"":""9682683"",""userId"":""3379814"",""canCancel"":false,""cancelRequested"":false}",3379815,CSBL1,false,9682683,INVALID,false,3379815,NA,NA,NA,NA,NA,NA,NA
9614078,,syn17038402,3379970,1542110743018,1,1542111010474,"{""submissionId"":""9682684"",""userId"":""3379970"",""canCancel"":false,""cancelRequested"":false}",3379970,round_1_template.csv,false,9682684,SCORED,false,NA,0.4063,-0.1015,Mark Lennox,0.3454,0.4381,-0.1057,1.8544
9614078,Error reading in submission file: Invalid file path or buffer object type: <type 'NoneType'>,syn17038394,3379814,1542111101401,1,1542111602751,"{""submissionId"":""9682685"",""userId"":""3379814"",""canCancel"":false,""cancelRequested"":false}",3379815,syn17038399,false,9682685,INVALID,false,3379815,NA,NA,NA,NA,NA,NA,NA
9614078,,syn17038399,3379814,1542111851616,1,1542112208119,"{""submissionId"":""9682686"",""userId"":""3379814"",""canCancel"":false,""cancelRequested"":false}",3379815,CSBL1,false,9682686,SCORED,false,3379815,0.5427,0.0685,GIST_CSBL,0.1135,0.5531,0.0915,1.3943
9614078,,syn17038410,3379886,1542112285327,1,1542112807164,"{""submissionId"":""9682687"",""userId"":""3379886"",""canCancel"":false,""cancelRequested"":false}",3379886,round1_temp_1.csv,false,9682687,SCORED,false,NA,0.5226,0.1791,Sabar,0.2927,0.5911,0.1933,1.3883
9614078,,syn17038419,3379973,1542115652927,1,1542115808590,"{""submissionId"":""9682688"",""userId"":""3379973"",""canCancel"":false,""cancelRequested"":false}",3379977,LGBM_Lasso_blend,false,9682688,SCORED,false,3379977,0.5846,0.3468,compscience.org,0.0902,0.7049,0.3727,1.2566
9614078,,syn17038425,3380541,1542117649401,1,1542118207741,"{""submissionId"":""9682692"",""userId"":""3380541"",""canCancel"":false,""cancelRequested"":false}",3380541,s.csv,false,9682692,SCORED,false,NA,0.6141,0.3409,men wifi,0.4645,0.6871,0.3594,1.2052
9614078,,syn17038534,3379820,1542126027002,1,1542126607880,"{""submissionId"":""9682693"",""userId"":""3379820"",""canCancel"":false,""cancelRequested"":false}",3371544,round_1_template_v2.csv,false,9682693,SCORED,false,3371544,0.5791,0.1657,METU_EMBL-EBI_CROssBAR,0.4379,0.5773,0.1894,1.5047
9614078,Error reading in submission file: Invalid file path or buffer object type: <type 'NoneType'>,syn15667962,3379265,1542127537847,1,1542127803466,"{""submissionId"":""9682694"",""userId"":""3379265"",""canCancel"":false,""cancelRequested"":false}",3380568,Core_Vinay,false,9682694,INVALID,false,3380568,NA,NA,NA,NA,NA,NA,NA
9614078,,syn17038568,3368024,1542133041630,1,1542133206420,"{""submissionId"":""9682705"",""userId"":""3368024"",""canCancel"":false,""cancelRequested"":false}",3368024,1542059393.2715297,false,9682705,SCORED,false,NA,0.6659,0.4273,Gregory Koytiger,0.404,0.7404,0.4557,1.0971
9614078,,syn17038571,3319559,1542133585727,1,1542133807894,"{""submissionId"":""9682706"",""userId"":""3319559"",""canCancel"":false,""cancelRequested"":false}",3319559,Nov_15_submission.tsv,false,9682706,SCORED,false,NA,0.5964,0.2634,Yuanfang Guan 小黄药师,0.4481,0.6666,0.2644,1.3456
9614078,Error reading in submission file: Error tokenizing data. C error: EOF inside string starting at line 91,syn17038903,3323762,1542136893754,1,1542137403373,"{""submissionId"":""9682707"",""userId"":""3323762"",""canCancel"":false,""cancelRequested"":false}",3378762,epm13-rf,false,9682707,INVALID,false,3378762,NA,NA,NA,NA,NA,NA,NA
9614078,,syn17038904,3321443,1542137112822,1,1542137412260,"{""submissionId"":""9682708"",""userId"":""3321443"",""canCancel"":false,""cancelRequested"":false}",3378782,nn.sim3d.nounique.full.e66.csv,false,9682708,SCORED,false,3378782,0.6463,0.4835,AKinase,0.4286,0.7584,0.4996,1.1686
9614078,,syn17038903,3323762,1542137565496,2,1542138006126,"{""submissionId"":""9682709"",""userId"":""3323762"",""canCancel"":false,""cancelRequested"":false}",3378762,epm13-rf,false,9682709,SCORED,false,3378762,0.5522,0.2779,KinaseHunter,0.3158,0.6534,0.2646,1.1836
9614078,,syn17038949,3321338,1542138920993,1,1542139206340,"{""submissionId"":""9682710"",""userId"":""3321338"",""canCancel"":false,""cancelRequested"":false}",3321338,submit3.csv,false,9682710,SCORED,false,NA,0.698,0.5523,Shadow Burn,0.5875,0.7975,0.5442,1.199
9614078,,syn17039048,3342464,1542140666441,1,1542141007862,"{""submissionId"":""9682712"",""userId"":""3342464"",""canCancel"":false,""cancelRequested"":false}",3359259,rf_submission_0.1.csv,false,9682712,SCORED,false,3359259,0.515,0.0972,Spreedictors,0.1379,0.5713,0.0717,1.4191
9614078,Submission file should have 430 predictions,syn17039056,3329009,1542143454937,1,1542144002648,"{""submissionId"":""9682716"",""userId"":""3329009"",""canCancel"":false,""cancelRequested"":false}",3329009,Baseline,false,9682716,INVALID,false,NA,NA,NA,NA,NA,NA,NA,NA
9614078,,syn17040341,3322614,1542145313420,1,1542145809368,"{""submissionId"":""9682719"",""userId"":""3322614"",""canCancel"":false,""cancelRequested"":false}",3322614,template_1_submission_1,false,9682719,SCORED,false,NA,0.5531,0.0396,Jeremy Jacobsen,0.4448,0.5472,0.1041,411.0983
9614078,,syn17040311,3378816,1542145347981,1,1542145814887,"{""submissionId"":""9682720"",""userId"":""3378816"",""canCancel"":false,""cancelRequested"":false}",3378816,predictions2.csv,false,9682720,SCORED,false,NA,0.5258,0.0075,Daniel Espinoza,0.4448,0.502,0.008,4.4784
9614078,,syn17042141,3343829,1542147127239,1,1542147606650,"{""submissionId"":""9682721"",""userId"":""3343829"",""canCancel"":false,""cancelRequested"":false}",3343829,round_1_v1.csv,false,9682721,SCORED,false,NA,0.4783,0.0331,Binbin Chen,0.0758,0.5001,0.0389,1.687
9614078,,syn17042588,3321443,1542147675803,1,1542148208152,"{""submissionId"":""9682722"",""userId"":""3321443"",""canCancel"":false,""cancelRequested"":false}",3378782,X_X_X.csv,false,9682722,SCORED,false,3378782,0.6549,0.4852,AKinase,0.5804,0.7671,0.5152,1.1867
9614078,,syn17043759,3379179,1542149614657,1,1542150006662,"{""submissionId"":""9682723"",""userId"":""3379179"",""canCancel"":false,""cancelRequested"":false}",3379179,round_1_predictions_kd-ki-ic50.csv,false,9682723,SCORED,false,NA,0.4731,-0.1179,aob23,0.1446,0.4513,-0.1026,1.5708
9614078,,syn17045915,3322614,1542152921328,1,1542153008425,"{""submissionId"":""9682724"",""userId"":""3322614"",""canCancel"":false,""cancelRequested"":false}",3322614,template_1_submission_2,false,9682724,SCORED,false,NA,0.5811,0.1382,Jeremy Jacobsen,0.4184,0.6025,0.1165,1.287
9614078,Error reading in submission file: Invalid file path or buffer object type: <type 'NoneType'>,syn15667962,3379794,1542156806294,1,1542157202782,"{""submissionId"":""9682725"",""userId"":""3379794"",""canCancel"":false,""cancelRequested"":false}",3379794,IDG-DREAM Drug-Kinase Binding Prediction Challenge,false,9682725,INVALID,false,NA,NA,NA,NA,NA,NA,NA,NA
9614078,Error reading in submission file: Invalid file path or buffer object type: <type 'NoneType'>,syn17048235,3379794,1542157267150,1,1542157803472,"{""submissionId"":""9682726"",""userId"":""3379794"",""canCancel"":false,""cancelRequested"":false}",3379794,Submit_1,false,9682726,INVALID,false,NA,NA,NA,NA,NA,NA,NA,NA
9614078,,syn17048385,3379794,1542158008808,1,1542158408071,"{""submissionId"":""9682727"",""userId"":""3379794"",""canCancel"":false,""cancelRequested"":false}",3379794,Submit_fix,false,9682727,SCORED,false,NA,0.478,-0.0348,synapsecake,0.1618,0.457,-0.0455,1.347
9614078,Error reading in submission file: Invalid file path or buffer object type: <type 'NoneType'>,syn17051320,3378774,1542174625443,1,1542175203046,"{""submissionId"":""9682728"",""userId"":""3378774"",""canCancel"":false,""cancelRequested"":false}",3378773,Round 1 (first submission),false,9682728,INVALID,false,3378773,NA,NA,NA,NA,NA,NA,NA
9614078,Error reading in submission file: Invalid file path or buffer object type: <type 'NoneType'>,syn17051322,3345606,1542175359755,1,1542175803339,"{""submissionId"":""9682729"",""userId"":""3345606"",""canCancel"":false,""cancelRequested"":false}",3379198,kinase_binding_v2,false,9682729,INVALID,false,3379198,NA,NA,NA,NA,NA,NA,NA
9614078,,syn17051324,3345606,1542176310895,1,1542176407120,"{""submissionId"":""9682730"",""userId"":""3345606"",""canCancel"":false,""cancelRequested"":false}",3379198,Topologicaltrain_SVR_v2.csv,false,9682730,SCORED,false,3379198,0.574,0.3576,Let_Data_Talk,0.0775,0.6429,0.3203,1.4056
9614078,,syn17051325,3378631,1542177378936,1,1542177606783,"{""submissionId"":""9682731"",""userId"":""3378631"",""canCancel"":false,""cancelRequested"":false}",3378631,DDTA_DTC,false,9682731,SCORED,false,NA,0.5618,0.0724,hkmztrk,0.2095,0.5345,0.0489,1.4941
9614078,,syn17051321,3378774,1542177672766,1,1542178213296,"{""submissionId"":""9682732"",""userId"":""3378774"",""canCancel"":false,""cancelRequested"":false}",3378773,Round 1 (first submission),false,9682732,SCORED,false,3378773,0.5566,0.3059,Sirimullalab,0.2297,0.6671,0.3573,1.3318
9614078,"Error reading in submission file: Error tokenizing data. C error: Expected 1 fields in line 92, saw 2
",syn17051328,3345436,1542178100697,1,1542178205527,"{""submissionId"":""9682733"",""userId"":""3345436"",""canCancel"":false,""cancelRequested"":false}",3345436,round_1_template.csv,false,9682733,INVALID,false,NA,NA,NA,NA,NA,NA,NA,NA
9614078,"Error reading in submission file: Error tokenizing data. C error: Expected 1 fields in line 92, saw 2
",syn17051328,3345436,1542183801256,2,1542184204648,"{""submissionId"":""9682734"",""userId"":""3345436"",""canCancel"":false,""cancelRequested"":false}",3380806,round_1_template.csv,false,9682734,INVALID,false,3380806,NA,NA,NA,NA,NA,NA,NA
9614078,,syn17051328,3345436,1542184728205,3,1542184806409,"{""submissionId"":""9682735"",""userId"":""3345436"",""canCancel"":false,""cancelRequested"":false}",3380806,round_1_template.csv,false,9682735,SCORED,false,3380806,0.5708,0.0976,Guess Who Am I,0.3764,0.5668,0.1345,1.3722
9614078,Merge failed due to inconsistent values between submission file and validation file in one or more label columns at rows: 92,syn17039056,3329009,1542186538944,2,1542186603934,"{""submissionId"":""9682736"",""userId"":""3329009"",""canCancel"":false,""cancelRequested"":false}",3380809,Baseline,false,9682736,INVALID,false,3380809,NA,NA,NA,NA,NA,NA,NA
9614078,,syn17039056,3329009,1542187329483,3,1542187808660,"{""submissionId"":""9682738"",""userId"":""3329009"",""canCancel"":false,""cancelRequested"":false}",3380809,Baseline,false,9682738,SCORED,false,3380809,0.5653,0.3212,Profiler,0.4595,0.6673,0.3329,1.359
9614078,,syn17051349,3379820,1542188330219,1,1542188406316,"{""submissionId"":""9682739"",""userId"":""3379820"",""canCancel"":false,""cancelRequested"":false}",3371544,round_1_model_2_v2.csv,false,9682739,SCORED,false,3371544,0.6298,0.2436,METU_EMBL-EBI_CROssBAR,0.4375,0.6331,0.2999,1.2072
9614078,,syn17051355,3379970,1542200089723,1,1542200406199,"{""submissionId"":""9682740"",""userId"":""3379970"",""canCancel"":false,""cancelRequested"":false}",3379970,round_1_template.csv,false,9682740,SCORED,false,NA,0.4599,0.0957,Mark Lennox,0.3592,0.5545,0.0824,1.4796
9614078,,syn17051373,3380787,1542201766527,1,1542202208198,"{""submissionId"":""9682741"",""userId"":""3380787"",""canCancel"":false,""cancelRequested"":false}",3380787,1.csv,false,9682741,SCORED,false,NA,0.6794,0.5214,noname zhang,0.5463,0.78,0.5391,1.0421
9614078,,syn17051376,3379265,1542203627248,1,1542204007093,"{""submissionId"":""9682742"",""userId"":""3379265"",""canCancel"":false,""cancelRequested"":false}",3380568,Core_v1,false,9682742,SCORED,false,3380568,0.5177,0.0515,core,0.4448,0.5227,0.0534,4.9789
9614078,,syn17051409,3379812,1542218701017,1,1542219008670,"{""submissionId"":""9682743"",""userId"":""3379812"",""canCancel"":false,""cancelRequested"":false}",3379815,round_1_second_trial.csv,false,9682743,SCORED,false,3379815,0.5639,0.2235,GIST_CSBL,0.2573,0.6245,0.1919,1.2559
9614078,Submission file is missing column: DiscoveRx_Gene_Symbol,syn17051457,3380767,1542220973572,1,1542221404018,"{""submissionId"":""9682744"",""userId"":""3380767"",""canCancel"":false,""cancelRequested"":false}",3380767,round_1_regr_pred.csv,false,9682744,INVALID,false,NA,NA,NA,NA,NA,NA,NA,NA
9614078,,syn17051457,3380767,1542221592509,2,1542222007578,"{""submissionId"":""9682745"",""userId"":""3380767"",""canCancel"":false,""cancelRequested"":false}",3380767,round_1_regr_pred.csv,false,9682745,SCORED,false,NA,0.5352,-0.0055,Mariya Popova,0.2105,0.5026,-0.008,1.3329
9614078,,syn17051465,3378631,1542223189553,1,1542223206532,"{""submissionId"":""9682746"",""userId"":""3378631"",""canCancel"":false,""cancelRequested"":false}",3378631,round_1_template_v3.csv,false,9682746,SCORED,false,NA,0.5896,0.2023,hkmztrk,0.3107,0.5955,0.1923,1.2977
9614078,,syn17051474,3379052,1542226290905,1,1542226806129,"{""submissionId"":""9682749"",""userId"":""3379052"",""canCancel"":false,""cancelRequested"":false}",3379052,Round 1 Version 1,false,9682749,SCORED,false,NA,0.5796,0.2903,Vishal Babu Siramshetty,0.3655,0.6506,0.2965,1.2118
9614078,,syn17051477,3329009,1542228249870,1,1542228607003,"{""submissionId"":""9682751"",""userId"":""3329009"",""canCancel"":false,""cancelRequested"":false}",3380809,Baseline + corrections,false,9682751,SCORED,false,3380809,0.5853,0.3492,Profiler,0.4272,0.6885,0.4043,1.1912
9614078,,syn17051483,3343829,1542229419264,1,1542229807025,"{""submissionId"":""9682753"",""userId"":""3343829"",""canCancel"":false,""cancelRequested"":false}",3343829,round_1_greg.csv,false,9682753,SCORED,false,NA,0.591,0.2228,Binbin Chen,0.3515,0.6226,0.2956,1.2579
9614078,Error reading in submission file: Invalid file path or buffer object type: <type 'NoneType'>,syn17051535,3333779,1542231679652,1,1542232203663,"{""submissionId"":""9682758"",""userId"":""3333779"",""canCancel"":false,""cancelRequested"":false}",3333779,IDG_L1_L2,false,9682758,INVALID,false,NA,NA,NA,NA,NA,NA,NA,NA
9614078,,syn17051539,3322614,1542232191161,1,1542232209731,"{""submissionId"":""9682760"",""userId"":""3322614"",""canCancel"":false,""cancelRequested"":false}",3322614,template1_submission3,false,9682760,SCORED,false,NA,0.5693,0.2581,Jeremy Jacobsen,0.3222,0.6255,0.242,1.1972
9614078,Error reading in submission file: Invalid file path or buffer object type: <type 'NoneType'>,syn17051535,3333779,1542232520993,1,1542232802675,"{""submissionId"":""9682761"",""userId"":""3333779"",""canCancel"":false,""cancelRequested"":false}",3333779,IDG_L1_new_L2,false,9682761,INVALID,false,NA,NA,NA,NA,NA,NA,NA,NA
9614078,,syn17051540,3378774,1542232820916,1,1542233409722,"{""submissionId"":""9682762"",""userId"":""3378774"",""canCancel"":false,""cancelRequested"":false}",3378773,Round 1 (second submission),false,9682762,SCORED,false,3378773,0.5732,0.3492,Sirimullalab,0.1818,0.685,0.3529,1.2495
9614078,,syn17051541,3333779,1542233181579,1,1542233413135,"{""submissionId"":""9682763"",""userId"":""3333779"",""canCancel"":false,""cancelRequested"":false}",3333779,IDG_l1_new1,false,9682763,SCORED,false,NA,0.6835,0.5433,Stephen Capuzzi,0.5569,0.7644,0.5372,1.0975
9614078,,syn17051552,3380869,1542235042227,1,1542235206047,"{""submissionId"":""9682764"",""userId"":""3380869"",""canCancel"":false,""cancelRequested"":false}",3380869,Brandan Kinase Compound Targets 1,false,9682764,SCORED,false,NA,0.5263,0.0441,Brandan Dunham,0.2593,0.5204,0.0552,1.3327
9614078,,syn17051556,3379229,1542236424289,2,1542237007593,"{""submissionId"":""9682765"",""userId"":""3379229"",""canCancel"":false,""cancelRequested"":false}",3379235,"ensembler_rls_kron_graphreg (lambda=2^-6, p=1, r=0.7, numLearners=20, bag=F)",false,9682765,SCORED,false,3379235,0.5054,-0.0544,Dainanahan,0.1978,0.4813,-0.0396,1.6785
9614078,,syn17051562,3380869,1542237764358,1,1542238207392,"{""submissionId"":""9682766"",""userId"":""3380869"",""canCancel"":false,""cancelRequested"":false}",3380869,final_dream_output2.csv,false,9682766,SCORED,false,NA,0.5453,0.0729,Brandan Dunham,0.2453,0.5348,0.0715,1.3192
9614078,,syn17051635,1967585,1542245566786,1,1542246006212,"{""submissionId"":""9682769"",""userId"":""1967585"",""canCancel"":false,""cancelRequested"":false}",3379017,Zero_Skellington,false,9682769,SCORED,false,3379017,0.6245,0.4812,Lasige_KInhibitors,0.449,0.7569,0.5038,1.0977
9614078,,syn17051634,3378959,1542246266681,1,1542246608688,"{""submissionId"":""9682771"",""userId"":""3378959"",""canCancel"":false,""cancelRequested"":false}",3361565,1115,false,9682771,SCORED,false,3361565,0.6047,0.2006,N121,0.2289,0.6104,0.267,1.2068
9614078,,syn17051638,3336728,1542246962178,1,1542247207559,"{""submissionId"":""9682773"",""userId"":""3336728"",""canCancel"":false,""cancelRequested"":false}",3377646,submit.csv,false,9682773,SCORED,false,3377646,0.5809,0.1985,Q.E.D,0.3059,0.611,0.2563,1.1888
9614078,,syn17051639,3329042,1542247842967,1,1542248405915,"{""submissionId"":""9682774"",""userId"":""3329042"",""canCancel"":false,""cancelRequested"":false}",3329042,round_1_S2.csv,false,9682774,SCORED,false,NA,0.6368,0.3851,Georgi Kanev,0.2454,0.7091,0.3963,1.1497
9614078,,syn17051642,3380889,1542250670609,1,1542250806522,"{""submissionId"":""9682777"",""userId"":""3380889"",""canCancel"":false,""cancelRequested"":false}",3380889,pog4,false,9682777,SCORED,false,NA,0.5122,0.1243,Pooja Ghatge,0.0,0.5812,0.1619,2.305
9614078,Error reading in submission file: Invalid file path or buffer object type: <type 'NoneType'>,syn17051654,3380836,1542255076308,1,1542255602229,"{""submissionId"":""9682778"",""userId"":""3380836"",""canCancel"":false,""cancelRequested"":false}",3380836,DREAM submission 1,false,9682778,INVALID,false,NA,NA,NA,NA,NA,NA,NA,NA
9614078,,syn17051678,3323762,1542255688176,1,1542256208118,"{""submissionId"":""9682779"",""userId"":""3323762"",""canCancel"":false,""cancelRequested"":false}",3378762,epm_br_1,false,9682779,SCORED,false,3378762,0.5534,0.1188,KinaseHunter,0.2765,0.5632,0.1587,1.3353
9614078,"Error reading in submission file: Error tokenizing data. C error: Expected 7 fields in line 92, saw 8
",syn17051694,3332424,1542256338298,1,1542256803253,"{""submissionId"":""9682780"",""userId"":""3332424"",""canCancel"":false,""cancelRequested"":false}",3379110,KKT-L1-R1-sub1,false,9682780,INVALID,false,3379110,NA,NA,NA,NA,NA,NA,NA
9614078,Error reading in submission file: Invalid file path or buffer object type: <type 'NoneType'>,syn17051654,3380836,1542257747060,1,1542258002565,"{""submissionId"":""9682781"",""userId"":""3380836"",""canCancel"":false,""cancelRequested"":false}",3380836,DREAM submission 1,false,9682781,INVALID,false,NA,NA,NA,NA,NA,NA,NA,NA
9614078,,syn17051694,3332424,1542258058606,2,1542258307092,"{""submissionId"":""9682782"",""userId"":""3332424"",""canCancel"":false,""cancelRequested"":false}",3379110,round_1_sub_1,false,9682782,SCORED,false,3379110,0.6269,0.3323,KKT,0.4087,0.6705,0.3568,1.1945
9614078,,syn17051661,3380836,1542258292767,1,1542258310245,"{""submissionId"":""9682783"",""userId"":""3380836"",""canCancel"":false,""cancelRequested"":false}",3380836,convdream.csv,false,9682783,SCORED,false,NA,0.5094,0.0851,Amanda Kowalczyk,0.3415,0.5616,0.1584,1.398
9614078,,syn17051695,3332424,1542258705644,2,1542259206825,"{""submissionId"":""9682784"",""userId"":""3332424"",""canCancel"":false,""cancelRequested"":false}",3379110,round_1_sub_2,false,9682784,SCORED,false,3379110,0.6271,0.3377,KKT,0.4118,0.6726,0.3599,1.1989
9614078,,syn17051732,3333779,1542259069744,1,1542259212238,"{""submissionId"":""9682785"",""userId"":""3333779"",""canCancel"":false,""cancelRequested"":false}",3333779,R1_L1_RA,false,9682785,SCORED,false,NA,0.9976,-0.0196,Stephen Capuzzi,0.4432,0.4809,-0.0177,243.2319
9614078,,syn17051696,3332424,1542259504497,3,1542259808146,"{""submissionId"":""9682786"",""userId"":""3332424"",""canCancel"":false,""cancelRequested"":false}",3379110,round_1_sub_3,false,9682786,SCORED,false,3379110,0.5931,0.2206,KKT,0.3832,0.6081,0.2071,1.3763
9614078,,syn17051760,3336728,1542262204322,1,1542262806704,"{""submissionId"":""9682787"",""userId"":""3336728"",""canCancel"":false,""cancelRequested"":false}",3377646,Roun1_submit.csv,false,9682787,SCORED,false,3377646,0.6148,0.3634,Q.E.D,0.4365,0.6947,0.3911,1.156
9614078,,syn17051761,3379677,1542264033873,1,1542264608149,"{""submissionId"":""9682788"",""userId"":""3379677"",""canCancel"":false,""cancelRequested"":false}",3379677,eval_results_AllData_KernelRegression_Prosite_DomainSim.csv,false,9682788,SCORED,false,NA,0.4458,-0.1257,Synapse Synapse,0.0,0.4297,-0.1246,1.6116
9614078,,syn17051763,3337428,1542266796468,1,1542295019156,"{""submissionId"":""9682790"",""userId"":""3337428"",""canCancel"":false,""cancelRequested"":false}",3337435,TeamAydÄ±n_submission_1,false,9682790,SCORED,false,3337435,0.4764,0.0529,Aydin,0.1429,0.5337,0.0211,1.5305
9614078,"Error reading in submission file: Error tokenizing data. C error: Expected 7 fields in line 92, saw 8
",syn17051765,1967374,1542267371439,1,1542294865694,"{""submissionId"":""9682791"",""userId"":""1967374"",""canCancel"":false,""cancelRequested"":false}",1967374,RF-5K-DT,false,9682791,INVALID,false,NA,NA,NA,NA,NA,NA,NA,NA
9614078,"Error reading in submission file: Error tokenizing data. C error: Expected 7 fields in line 92, saw 8
",syn17051765,1967374,1542271425443,1,1542294867706,"{""submissionId"":""9682792"",""userId"":""1967374"",""canCancel"":false,""cancelRequested"":false}",1967374,RF-5K-DT,false,9682792,INVALID,false,NA,NA,NA,NA,NA,NA,NA,NA
9614078,,syn17051789,3378841,1542273096779,1,1542295023620,"{""submissionId"":""9682793"",""userId"":""3378841"",""canCancel"":false,""cancelRequested"":false}",3378841,Ridge_All0_eval_results_fill_missing.csv,false,9682793,SCORED,false,NA,0.4822,0.0263,A A,0.255,0.5281,0.0278,1.6524
9614078,,syn17051789,3378841,1542274678156,1,1542295029975,"{""submissionId"":""9682794"",""userId"":""3378841"",""canCancel"":false,""cancelRequested"":false}",3378841,Ridge_All0_eval_results_fill_missing.csv,false,9682794,SCORED,false,NA,0.4822,0.0263,A A,0.255,0.5281,0.0278,1.6524
9614078,,syn17051791,3379677,1542276671423,1,1542295034949,"{""submissionId"":""9682795"",""userId"":""3379677"",""canCancel"":false,""cancelRequested"":false}",3379677,average_results_622.csv,false,9682795,SCORED,false,NA,0.4465,-0.1334,Synapse Synapse,0.1438,0.4216,-0.0713,1.6984
9614078,,syn17051328,3345436,1542277812551,4,1542295039957,"{""submissionId"":""9682796"",""userId"":""3345436"",""canCancel"":false,""cancelRequested"":false}",3380806,round_1_template.csv,false,9682796,SCORED,false,3380806,0.4889,0.037,Guess Who Am I,0.1509,0.5404,0.0431,1.3179
9614078,,syn17051792,3379886,1542278464700,1,1542295045728,"{""submissionId"":""9682797"",""userId"":""3379886"",""canCancel"":false,""cancelRequested"":false}",3379886,round1_temp_2.csv,false,9682797,SCORED,false,NA,0.533,0.2535,Sabar,0.3518,0.6133,0.1513,1.2562
9614078,,syn17051793,3379886,1542278483011,1,1542295051663,"{""submissionId"":""9682798"",""userId"":""3379886"",""canCancel"":false,""cancelRequested"":false}",3379886,round1_temp_3.csv,false,9682798,SCORED,false,NA,0.5308,0.2432,Sabar,0.2414,0.6134,0.1768,1.2119
9614078,,syn17051795,3380416,1542283767908,1,1542295057151,"{""submissionId"":""9682799"",""userId"":""3380416"",""canCancel"":false,""cancelRequested"":false}",3380908,output.csv,false,9682799,SCORED,false,3380908,0.6776,0.5383,Kinase Model,0.5311,0.7833,0.5282,1.0624
9614078,,syn17051801,3380906,1542287010231,1,1542295062198,"{""submissionId"":""9682800"",""userId"":""3380906"",""canCancel"":false,""cancelRequested"":false}",3380906,round_1_submission.csv,false,9682800,SCORED,false,NA,0.5074,0.1498,spencer2718,0.3298,0.5878,0.1614,1.2274
9614078,,syn17051803,3379812,1542287276711,1,1542295066969,"{""submissionId"":""9682801"",""userId"":""3379812"",""canCancel"":false,""cancelRequested"":false}",3379815,third_trial.csv,false,9682801,SCORED,false,3379815,0.5641,0.1822,GIST_CSBL,0.0,0.6147,0.1641,1.1961
9614078,,syn17051801,3380906,1542287817601,1,1542295071492,"{""submissionId"":""9682802"",""userId"":""3380906"",""canCancel"":false,""cancelRequested"":false}",3380906,round_1_submission.csv,false,9682802,SCORED,false,NA,0.5074,0.1498,spencer2718,0.3298,0.5878,0.1614,1.2274
9614078,Error reading in submission file: Invalid file path or buffer object type: <type 'NoneType'>,syn17051796,3380714,1542288740966,1,1542294876826,"{""submissionId"":""9682803"",""userId"":""3380714"",""canCancel"":false,""cancelRequested"":false}",3380714,IDG_round_1,false,9682803,INVALID,false,NA,NA,NA,NA,NA,NA,NA,NA
9614078,Error reading in submission file: Invalid file path or buffer object type: <type 'NoneType'>,syn17051643,3323475,1542290496973,1,1542294878170,"{""submissionId"":""9682804"",""userId"":""3323475"",""canCancel"":false,""cancelRequested"":false}",3323475,KDI_SC_S1,false,9682804,INVALID,false,NA,NA,NA,NA,NA,NA,NA,NA
9614078,"Submission file has missing values, after converting prediction column to float values.",syn17051805,3380714,1542291336329,1,1542294880913,"{""submissionId"":""9682805"",""userId"":""3380714"",""canCancel"":false,""cancelRequested"":false}",3380714,round_1_template_outcome_2D.csv,false,9682805,INVALID,false,NA,NA,NA,NA,NA,NA,NA,NA
9614078,,syn17051807,3380714,1542291357114,1,1542295084337,"{""submissionId"":""9682806"",""userId"":""3380714"",""canCancel"":false,""cancelRequested"":false}",3380714,round_1_template_outcome_KD_2D.csv,false,9682806,SCORED,false,NA,0.5686,0.278,XutongLi,0.239,0.6297,0.266,1.2035
9614078,,syn17051815,3380838,1542293372406,1,1542295089757,"{""submissionId"":""9682808"",""userId"":""3380838"",""canCancel"":false,""cancelRequested"":false}",3380838,dream_sub01.csv,false,9682808,SCORED,false,NA,0.5062,0.0506,Jonathan K,0.3163,0.5398,0.0789,1.3754
9614078,Error reading in submission file: Invalid file path or buffer object type: <type 'NoneType'>,syn17051811,3380838,1542294533276,1,1542294883142,"{""submissionId"":""9682811"",""userId"":""3380838"",""canCancel"":false,""cancelRequested"":false}",3380838,MSCBIO2065,false,9682811,INVALID,false,NA,NA,NA,NA,NA,NA,NA,NA
9614078,,syn17051819,3340411,1542296092819,1,1542296407739,"{""submissionId"":""9682812"",""userId"":""3340411"",""canCancel"":false,""cancelRequested"":false}",3340411,s1,false,9682812,SCORED,false,NA,1.0,-0.0212,Zhaoping Xiong,0.3807,0.4803,-0.0194,1.9216
9614078,,syn17051820,3340411,1542296115057,1,1542296411379,"{""submissionId"":""9682813"",""userId"":""3340411"",""canCancel"":false,""cancelRequested"":false}",3340411,s2,false,9682813,SCORED,false,NA,0.0,0.0212,Zhaoping Xiong,0.3406,0.5197,0.0194,1.7876
9614078,,syn17051821,3379191,1542296599611,1,1542297010499,"{""submissionId"":""9682814"",""userId"":""3379191"",""canCancel"":false,""cancelRequested"":false}",3379428,SIB_36_submission.csv,false,9682814,SCORED,false,3379428,0.4161,-0.1166,SIB_36,0.4448,0.418,-0.1267,1554.129
9614078,,syn17051822,3379265,1542296634557,1,1542297014720,"{""submissionId"":""9682815"",""userId"":""3379265"",""canCancel"":false,""cancelRequested"":false}",3380568,Core,false,9682815,SCORED,false,3380568,0.5204,0.0546,core,0.4389,0.5254,0.0331,2.8897
9614078,,syn17051824,3345606,1542298574073,1,1542298806596,"{""submissionId"":""9682816"",""userId"":""3345606"",""canCancel"":false,""cancelRequested"":false}",3379198,Topological_Morgan_SVR_v3.csv,false,9682816,SCORED,false,3379198,0.6054,0.4035,Let_Data_Talk,0.1314,0.7063,0.4228,1.279
9614078,,syn17051827,3380416,1542298812473,1,1542299408811,"{""submissionId"":""9682817"",""userId"":""3380416"",""canCancel"":false,""cancelRequested"":false}",3380908,output2.csv,false,9682817,SCORED,false,3380908,0.6689,0.4978,Kinase Model,0.48,0.7646,0.5079,1.057
9614078,,syn17051765,1967374,1542299458101,2,1542300011378,"{""submissionId"":""9682818"",""userId"":""1967374"",""canCancel"":false,""cancelRequested"":false}",1967374,RF-5k-DT-v2,false,9682818,SCORED,false,NA,0.5212,0.074,RINTU KUTUM,0.4448,0.5418,0.1034,1781.286
9614078,Error reading in submission file: Invalid file path or buffer object type: <type 'NoneType'>,syn17051829,3380920,1542299851464,1,1542300003556,"{""submissionId"":""9682819"",""userId"":""3380920"",""canCancel"":false,""cancelRequested"":false}",3380920,sub1,false,9682819,INVALID,false,NA,NA,NA,NA,NA,NA,NA,NA
9614078,,syn17051835,3379216,1542300167902,1,1542300614972,"{""submissionId"":""9682820"",""userId"":""3379216"",""canCancel"":false,""cancelRequested"":false}",3379216,round_1_predictions_xgb.csv,false,9682820,SCORED,false,NA,0.5201,0.0506,Ryan-Rhys,0.1791,0.514,0.0376,1.4499
9614078,Error reading in submission file: Invalid file path or buffer object type: <type 'NoneType'>,syn17051836,3378772,1542300350931,1,1542300605718,"{""submissionId"":""9682821"",""userId"":""3378772"",""canCancel"":false,""cancelRequested"":false}",3378773,round1submission_3,false,9682821,INVALID,false,3378773,NA,NA,NA,NA,NA,NA,NA
9614078,,syn17051840,3379052,1542300467468,1,1542300620584,"{""submissionId"":""9682822"",""userId"":""3379052"",""canCancel"":false,""cancelRequested"":false}",3379052,Round 1 Version 2,false,9682822,SCORED,false,NA,0.6181,0.3748,Vishal Siramshetty,0.3934,0.7112,0.4177,1.0964
9614078,,syn17051841,3379265,1542300972444,1,1542301206742,"{""submissionId"":""9682823"",""userId"":""3379265"",""canCancel"":false,""cancelRequested"":false}",3380568,Core,false,9682823,SCORED,false,3380568,0.5433,0.0474,core,0.4356,0.5137,0.0424,2.2908
9614078,,syn17051843,3379216,1542301847529,1,1542302406233,"{""submissionId"":""9682824"",""userId"":""3379216"",""canCancel"":false,""cancelRequested"":false}",3379216,round_1_predictions_deep.csv,false,9682824,SCORED,false,NA,0.4805,-0.1086,Ryan-Rhys,0.1992,0.4452,-0.0596,1.5443
9614078,Error reading in submission file: Invalid file path or buffer object type: <type 'NoneType'>,syn17051829,3380920,1542304145288,1,1542304203442,"{""submissionId"":""9682825"",""userId"":""3380920"",""canCancel"":false,""cancelRequested"":false}",3380920,shb95,false,9682825,INVALID,false,NA,NA,NA,NA,NA,NA,NA,NA
9614078,,syn17051848,3380920,1542304321804,1,1542304808324,"{""submissionId"":""9682826"",""userId"":""3380920"",""canCancel"":false,""cancelRequested"":false}",3380920,shb95,false,9682826,SCORED,false,NA,0.5122,0.1243,Shashank Badavanahalli Rajashekar,0.0,0.5812,0.1619,2.1258
9614078,,syn17051837,3378772,1542304854513,1,1542305409349,"{""submissionId"":""9682827"",""userId"":""3378772"",""canCancel"":false,""cancelRequested"":false}",3378773,round_1_template_with_prediction_3.csv,false,9682827,SCORED,false,3378773,0.4666,0.0076,Sirimullalab,0.2787,0.5142,-0.0075,2.1372
9614078,,syn17051846,3329009,1542306536798,3,1542306608607,"{""submissionId"":""9682828"",""userId"":""3329009"",""canCancel"":false,""cancelRequested"":false}",3380809,Baseline + additional corrections,false,9682828,SCORED,false,3380809,0.9794,0.3181,Profiler,0.4525,0.6815,0.3937,1.1414
9614078,,syn17051859,3380920,1542306537595,1,1542306614776,"{""submissionId"":""9682829"",""userId"":""3380920"",""canCancel"":false,""cancelRequested"":false}",3380920,shb95,false,9682829,SCORED,false,NA,0.5026,0.0747,Shashank Badavanahalli Rajashekar,0.016,0.543,0.0578,2.3191
9614078,,syn17051860,3380920,1542306907390,1,1542307206452,"{""submissionId"":""9682830"",""userId"":""3380920"",""canCancel"":false,""cancelRequested"":false}",3380920,shb95,false,9682830,SCORED,false,NA,0.4922,-0.0464,Shashank Badavanahalli Rajashekar,0.0,0.4928,-0.0471,2.3903
9614078,,syn17051861,3323475,1542307271097,1,1542307808846,"{""submissionId"":""9682831"",""userId"":""3323475"",""canCancel"":false,""cancelRequested"":false}",3323475,KD_SC_S2,false,9682831,SCORED,false,NA,0.4633,-0.0979,Fatma-Elzahraa Eid,0.04,0.4626,-0.1199,1.6717
9614078,,syn17051864,3379191,1542307428131,1,1542307812770,"{""submissionId"":""9682832"",""userId"":""3379191"",""canCancel"":false,""cancelRequested"":false}",3379428,SIB_36_submission2.csv,false,9682832,SCORED,false,3379428,0.502,-0.0513,SIB_36,0.0,0.4896,-0.0931,1.3427
9614078,,syn17051871,3321703,1542308373753,1,1542308407210,"{""submissionId"":""9682833"",""userId"":""3321703"",""canCancel"":false,""cancelRequested"":false}",3324878,hulab_1,false,9682833,SCORED,false,3324878,0.5809,0.3655,hulab,0.4848,0.6927,0.3652,1.2248
9614078,,syn17051872,3342464,1542308736388,1,1542309007856,"{""submissionId"":""9682834"",""userId"":""3342464"",""canCancel"":false,""cancelRequested"":false}",3359259,rf_submission_0.2.csv,false,9682834,SCORED,false,3359259,0.5771,0.197,Spreedictors,0.1233,0.6042,0.2303,1.3127
9614078,,syn17051873,3380712,1542309306735,1,1542309606376,"{""submissionId"":""9682835"",""userId"":""3380712"",""canCancel"":false,""cancelRequested"":false}",3380935,asd,false,9682835,SCORED,false,3380935,0.5498,0.1369,bnvj,0.0,0.5621,0.1458,2.2472
9614078,,syn17051878,2223251,1542311111999,1,1542311407690,"{""submissionId"":""9682836"",""userId"":""2223251"",""canCancel"":false,""cancelRequested"":false}",2223251,oselot-1-syn17051878,false,9682836,SCORED,false,NA,0.4166,-0.2547,oselot,0.4448,0.3528,-0.2264,17.5135
9614078,Error reading in submission file: Invalid file path or buffer object type: <type 'NoneType'>,syn17051875,3379329,1542312475890,1,1542312603508,"{""submissionId"":""9682837"",""userId"":""3379329"",""canCancel"":false,""cancelRequested"":false}",3379373,PinkPandas_SIB_Round_1,false,9682837,INVALID,false,3379373,NA,NA,NA,NA,NA,NA,NA
9614078,,syn17051886,3379820,1542313388585,1,1542313818622,"{""submissionId"":""9682838"",""userId"":""3379820"",""canCancel"":false,""cancelRequested"":false}",3371544,round1_model3_final.csv,false,9682838,SCORED,false,3371544,0.5379,0.1134,METU_EMBL-EBI_CROssBAR,0.3139,0.5614,0.1518,1.5835
9614078,Error reading in submission file: Invalid file path or buffer object type: <type 'NoneType'>,syn17051890,3378974,1542313508430,1,1542313804889,"{""submissionId"":""9682839"",""userId"":""3378974"",""canCancel"":false,""cancelRequested"":false}",3379209,BioSisG1_submission1,false,9682839,INVALID,false,3379209,NA,NA,NA,NA,NA,NA,NA
9614078,,syn17051892,3325046,1542313549884,1,1542313824940,"{""submissionId"":""9682840"",""userId"":""3325046"",""canCancel"":false,""cancelRequested"":false}",3325046,Submission 1,false,9682840,SCORED,false,NA,0.5932,0.3358,Ctibor Škuta,0.4523,0.6811,0.3737,1.3351
9614078,Error reading in submission file: Invalid file path or buffer object type: <type 'NoneType'>,syn17051893,3378974,1542313648354,1,1542313811927,"{""submissionId"":""9682841"",""userId"":""3378974"",""canCancel"":false,""cancelRequested"":false}",3379209,BioSisG1_submission2,false,9682841,INVALID,false,3379209,NA,NA,NA,NA,NA,NA,NA
9614078,,syn17051897,3327059,1542313824952,1,1542314406814,"{""submissionId"":""9682842"",""userId"":""3327059"",""canCancel"":false,""cancelRequested"":false}",3380939,500mph,false,9682842,SCORED,false,3380939,0.5532,0.2403,BISBII-UM-Kinases,0.0,0.6233,0.2147,1.6647
9614078,Submission file is missing column: pKd_[M]_pred,syn17051898,3379711,1542314408450,1,1542315003396,"{""submissionId"":""9682843"",""userId"":""3379711"",""canCancel"":false,""cancelRequested"":false}",3379740,kinase_dream_wen_1.csv,false,9682843,INVALID,false,3379740,NA,NA,NA,NA,NA,NA,NA
9614078,Submission file is missing column: pKd_[M]_pred,syn17051899,3379711,1542314477016,1,1542315009285,"{""submissionId"":""9682844"",""userId"":""3379711"",""canCancel"":false,""cancelRequested"":false}",3379740,kinase_dream_wen_2.csv,false,9682844,INVALID,false,3379740,NA,NA,NA,NA,NA,NA,NA
9614078,Error reading in submission file: Invalid file path or buffer object type: <type 'NoneType'>,syn17051900,3378974,1542314572097,1,1542315014059,"{""submissionId"":""9682845"",""userId"":""3378974"",""canCancel"":false,""cancelRequested"":false}",3379209,BioSisG1_sub1.1,false,9682845,INVALID,false,3379209,NA,NA,NA,NA,NA,NA,NA
9614078,Error reading in submission file: Invalid file path or buffer object type: <type 'NoneType'>,syn17051902,3378974,1542314599492,1,1542315017375,"{""submissionId"":""9682846"",""userId"":""3378974"",""canCancel"":false,""cancelRequested"":false}",3379209,BioSisG1_sub2.1,false,9682846,INVALID,false,3379209,NA,NA,NA,NA,NA,NA,NA
9614078,,syn17051904,3325046,1542314782467,1,1542315023664,"{""submissionId"":""9682847"",""userId"":""3325046"",""canCancel"":false,""cancelRequested"":false}",3325046,Submission 2 (q2 = 0.3),false,9682847,SCORED,false,NA,0.6212,0.3717,Ctibor Škuta,0.4249,0.6916,0.39,1.2782
9614078,Error reading in submission file: Invalid file path or buffer object type: <type 'NoneType'>,syn17051906,3379682,1542315102072,1,1542315602822,"{""submissionId"":""9682848"",""userId"":""3379682"",""canCancel"":false,""cancelRequested"":false}",3380843,test1.11.15.18,false,9682848,INVALID,false,3380843,NA,NA,NA,NA,NA,NA,NA
9614078,Submission file is missing column: pKd_[M]_pred,syn17051898,3379711,1542315192450,1,1542315605290,"{""submissionId"":""9682849"",""userId"":""3379711"",""canCancel"":false,""cancelRequested"":false}",3379740,kinase_dream_wen_1.csv,false,9682849,INVALID,false,3379740,NA,NA,NA,NA,NA,NA,NA
9614078,Submission file is missing column: pKd_[M]_pred,syn17051899,3379711,1542315214009,1,1542315606444,"{""submissionId"":""9682850"",""userId"":""3379711"",""canCancel"":false,""cancelRequested"":false}",3379740,kinase_dream_wen_2.csv,false,9682850,INVALID,false,3379740,NA,NA,NA,NA,NA,NA,NA
9614078,Error reading in submission file: Invalid file path or buffer object type: <type 'NoneType'>,syn17051908,3378974,1542315238243,1,1542315609009,"{""submissionId"":""9682851"",""userId"":""3378974"",""canCancel"":false,""cancelRequested"":false}",3379209,BioSisG1_sub1.2,false,9682851,INVALID,false,3379209,NA,NA,NA,NA,NA,NA,NA
9614078,Error reading in submission file: Invalid file path or buffer object type: <type 'NoneType'>,syn17051910,3378974,1542315264054,1,1542315611402,"{""submissionId"":""9682852"",""userId"":""3378974"",""canCancel"":false,""cancelRequested"":false}",3379209,BioSisG1_sub2.2,false,9682852,INVALID,false,3379209,NA,NA,NA,NA,NA,NA,NA
9614078,,syn17051914,3350406,1542315798929,1,1542316219938,"{""submissionId"":""9682853"",""userId"":""3350406"",""canCancel"":false,""cancelRequested"":false}",3337435,submission2v0.2,false,9682853,SCORED,false,3337435,0.4804,-0.0168,Aydin,0.0541,0.4615,-0.0448,1.452
9614078,,syn17051916,3325046,1542315941494,1,1542316224180,"{""submissionId"":""9682854"",""userId"":""3325046"",""canCancel"":false,""cancelRequested"":false}",3325046,"Submission 3 (q2=0.3, rmse=0.5)",false,9682854,SCORED,false,NA,0.6214,0.3629,Ctibor Škuta,0.4167,0.6878,0.3826,1.2766
9614078,Submission file is missing column: pKd_[M]_pred,syn17051918,3379711,1542316009494,1,1542316205977,"{""submissionId"":""9682855"",""userId"":""3379711"",""canCancel"":false,""cancelRequested"":false}",3379740,kinase_dream_wen_1_new.csv,false,9682855,INVALID,false,3379740,NA,NA,NA,NA,NA,NA,NA
9614078,Submission file is missing column: pKd_[M]_pred,syn17051919,3379711,1542316024569,1,1542316209724,"{""submissionId"":""9682856"",""userId"":""3379711"",""canCancel"":false,""cancelRequested"":false}",3379740,kinase_dream_wen_2_new.csv,false,9682856,INVALID,false,3379740,NA,NA,NA,NA,NA,NA,NA
9614078,"After merging submission file and gold standard, prediction column has variance of 0.",syn17051920,3340500,1542316058623,1,1542316212198,"{""submissionId"":""9682857"",""userId"":""3340500"",""canCancel"":false,""cancelRequested"":false}",3340500,naive,false,9682857,INVALID,false,NA,NA,NA,NA,NA,NA,NA,NA
9614078,Error reading in submission file: Invalid file path or buffer object type: <type 'NoneType'>,syn15667962,3379540,1542316105140,1,1542316213715,"{""submissionId"":""9682858"",""userId"":""3379540"",""canCancel"":false,""cancelRequested"":false}",3379470,IDG-DREAM Drug-Kinase Binding Prediction Challenge,false,9682858,INVALID,false,3379470,NA,NA,NA,NA,NA,NA,NA
9614078,Error reading in submission file: Invalid file path or buffer object type: <type 'NoneType'>,syn17051921,3379206,1542316206317,1,1542316802704,"{""submissionId"":""9682859"",""userId"":""3379206"",""canCancel"":false,""cancelRequested"":false}",3379209,funciona,false,9682859,INVALID,false,3379209,NA,NA,NA,NA,NA,NA,NA
9614078,Error reading in submission file: Invalid file path or buffer object type: <type 'NoneType'>,syn17051929,3379206,1542316450343,1,1542316805218,"{""submissionId"":""9682860"",""userId"":""3379206"",""canCancel"":false,""cancelRequested"":false}",3379209,randfor,false,9682860,INVALID,false,3379209,NA,NA,NA,NA,NA,NA,NA
9614078,,syn17051923,3379206,1542316550072,1,1542316812015,"{""submissionId"":""9682861"",""userId"":""3379206"",""canCancel"":false,""cancelRequested"":false}",3379209,round1_submission_linreg.csv,false,9682861,SCORED,false,3379209,0.5401,-0.1029,UM_BioSisG1,0.2066,0.437,-0.1035,1.8121
9614078,,syn17051934,2223251,1542316745257,1,1542316816477,"{""submissionId"":""9682862"",""userId"":""2223251"",""canCancel"":false,""cancelRequested"":false}",2223251,oselot-2-syn17051934,false,9682862,SCORED,false,NA,0.4264,-0.2294,oselot,0.3698,0.3686,-0.2556,12.6508
9614078,,syn17051930,3379206,1542316862491,1,1542317419164,"{""submissionId"":""9682863"",""userId"":""3379206"",""canCancel"":false,""cancelRequested"":false}",3379209,randfor.csv,false,9682863,SCORED,false,3379209,0.4365,-0.0265,UM_BioSisG1,0.1628,0.4702,-0.0708,1.5084
9614078,Submission file is missing column: pKd_[M]_pred,syn17051918,3379711,1542317182345,1,1542317403710,"{""submissionId"":""9682864"",""userId"":""3379711"",""canCancel"":false,""cancelRequested"":false}",3379740,kinase_dream_wen_1_new.csv,false,9682864,INVALID,false,3379740,NA,NA,NA,NA,NA,NA,NA
9614078,Submission file is missing column: pKd_[M]_pred,syn17051919,3379711,1542317213432,1,1542317408958,"{""submissionId"":""9682865"",""userId"":""3379711"",""canCancel"":false,""cancelRequested"":false}",3379740,kinase_dream_wen_2_new.csv,false,9682865,INVALID,false,3379740,NA,NA,NA,NA,NA,NA,NA
9614078,,syn17051943,3323475,1542317229805,1,1542317424237,"{""submissionId"":""9682866"",""userId"":""3323475"",""canCancel"":false,""cancelRequested"":false}",3323475,KD_SC_S3,false,9682866,SCORED,false,NA,0.4476,-0.1204,Fatma-Elzahraa Eid,0.0795,0.4497,-0.1209,1.6884
9614078,Submission file is missing column: pKd_[M]_pred,syn17051944,3379711,1542317386038,1,1542317412194,"{""submissionId"":""9682867"",""userId"":""3379711"",""canCancel"":false,""cancelRequested"":false}",3379740,kinase_dream_wen_1_new_2.csv,false,9682867,INVALID,false,3379740,NA,NA,NA,NA,NA,NA,NA
9614078,Submission file is missing column: pKd_[M]_pred,syn17051946,3379711,1542317433803,1,1542318003121,"{""submissionId"":""9682868"",""userId"":""3379711"",""canCancel"":false,""cancelRequested"":false}",3379740,kinase_dream_wen_2_new_2.csv,false,9682868,INVALID,false,3379740,NA,NA,NA,NA,NA,NA,NA
9614078,,syn17051948,3373942,1542317549994,1,1542318014040,"{""submissionId"":""9682869"",""userId"":""3373942"",""canCancel"":false,""cancelRequested"":false}",3373942,baseline_submission.csv,false,9682869,SCORED,false,NA,0.4731,0.0545,T M,0.3021,0.5149,0.0537,1.2831
9614078,Merge failed due to inconsistent values between submission file and validation file in one or more label columns at rows: 92,syn17051950,3379711,1542317815517,1,1542318005964,"{""submissionId"":""9682870"",""userId"":""3379711"",""canCancel"":false,""cancelRequested"":false}",3379740,kinase_dream_wen_1_new_3.csv,false,9682870,INVALID,false,3379740,NA,NA,NA,NA,NA,NA,NA
9614078,Merge failed due to inconsistent values between submission file and validation file in one or more label columns at rows: 92,syn17051951,3379711,1542317832085,1,1542318009238,"{""submissionId"":""9682871"",""userId"":""3379711"",""canCancel"":false,""cancelRequested"":false}",3379740,kinase_dream_wen_2_new_3.csv,false,9682871,INVALID,false,3379740,NA,NA,NA,NA,NA,NA,NA
9614078,Merge failed due to inconsistent values between submission file and validation file in one or more label columns at rows: 92,syn17051952,3330902,1542318018613,1,1542318603725,"{""submissionId"":""9682872"",""userId"":""3330902"",""canCancel"":false,""cancelRequested"":false}",3380927,round_1_template_1.csv,false,9682872,INVALID,false,3380927,NA,NA,NA,NA,NA,NA,NA
9614078,Merge failed due to inconsistent values between submission file and validation file in one or more label columns at rows: 92,syn17051953,3330902,1542318346320,1,1542318607634,"{""submissionId"":""9682873"",""userId"":""3330902"",""canCancel"":false,""cancelRequested"":false}",3380927,round_1_template_2.csv,false,9682873,INVALID,false,3380927,NA,NA,NA,NA,NA,NA,NA
9614078,"After merging submission file and gold standard, prediction column has variance of 0.",syn17051920,3340500,1542318365322,1,1542318609618,"{""submissionId"":""9682874"",""userId"":""3340500"",""canCancel"":false,""cancelRequested"":false}",3340500,naive_sub.csv,false,9682874,INVALID,false,NA,NA,NA,NA,NA,NA,NA,NA
9614078,Merge failed due to inconsistent values between submission file and validation file in one or more label columns at rows: 92,syn17051954,3343829,1542318462098,1,1542318612880,"{""submissionId"":""9682875"",""userId"":""3343829"",""canCancel"":false,""cancelRequested"":false}",3343829,Wen,false,9682875,INVALID,false,NA,NA,NA,NA,NA,NA,NA,NA
9614078,,syn17051955,3321703,1542318468094,1,1542318619148,"{""submissionId"":""9682876"",""userId"":""3321703"",""canCancel"":false,""cancelRequested"":false}",3324878,hulab_2,false,9682876,SCORED,false,3324878,0.5808,0.275,hulab,0.3645,0.6393,0.282,1.3002
9614078,,syn17051957,3379540,1542318629941,1,1542319214684,"{""submissionId"":""9682877"",""userId"":""3379540"",""canCancel"":false,""cancelRequested"":false}",3379470,round_1_submission_1.csv,false,9682877,SCORED,false,3379470,0.4993,-0.0093,Machine Team,0.0,0.4887,-0.0257,10.2042
9614078,,syn17051958,3379540,1542318680046,1,1542319218501,"{""submissionId"":""9682878"",""userId"":""3379540"",""canCancel"":false,""cancelRequested"":false}",3379470,round_1_submission_2.csv,false,9682878,SCORED,false,3379470,0.5143,-0.006,Machine Team,0.0,0.4881,-0.0215,10.18
9614078,,syn17051963,3379540,1542318850875,1,1542319222379,"{""submissionId"":""9682879"",""userId"":""3379540"",""canCancel"":false,""cancelRequested"":false}",3379470,round_1_submission_3.csv,false,9682879,SCORED,false,3379470,0.4797,-0.0915,Machine Team,0.0,0.4517,-0.097,10.1792
9614078,,syn17051920,3340500,1542318906509,2,1542319225467,"{""submissionId"":""9682880"",""userId"":""3340500"",""canCancel"":false,""cancelRequested"":false}",3340500,naive_sub.csv,false,9682880,SCORED,false,NA,0.5112,0.0134,Dennis Svedberg,0.0,0.5143,0.0118,1.4973
9614078,,syn17051954,3343829,1542318906641,2,1542319229421,"{""submissionId"":""9682881"",""userId"":""3343829"",""canCancel"":false,""cancelRequested"":false}",3343829,kinase_dream_wen_2.csv,false,9682881,SCORED,false,NA,0.5845,0.2754,Binbin Chen,0.3103,0.648,0.3054,1.2314
9614078,,syn17051964,3329042,1542318958865,1,1542319234281,"{""submissionId"":""9682882"",""userId"":""3329042"",""canCancel"":false,""cancelRequested"":false}",3329042,round_1_S3.csv,false,9682882,SCORED,false,NA,0.634,0.3346,Georgi Kanev,0.2646,0.6632,0.3417,1.1713
9614078,,syn17051965,3379711,1542319023131,1,1542319238202,"{""submissionId"":""9682883"",""userId"":""3379711"",""canCancel"":false,""cancelRequested"":false}",3379740,wen_preds.csv,false,9682883,SCORED,false,3379740,0.5845,0.2754,HelixGroup,0.3103,0.648,0.3054,1.2314
9614078,,syn17051966,3350406,1542319057918,1,1542319241616,"{""submissionId"":""9682884"",""userId"":""3350406"",""canCancel"":false,""cancelRequested"":false}",3337435,submissionv0.2dropoutss,false,9682884,SCORED,false,3337435,0.4633,0.0393,Aydin,0.1481,0.4932,0.0497,1.4084
9614078,,syn17051952,3330902,1542319132108,2,1542319247110,"{""submissionId"":""9682885"",""userId"":""3330902"",""canCancel"":false,""cancelRequested"":false}",3380927,round_1_template_1.csv,false,9682885,SCORED,false,3380927,0.4978,-0.077,Kannan Lab,0.0,0.473,-0.0788,1.5956
9614078,,syn17051953,3330902,1542319194475,2,1542319250941,"{""submissionId"":""9682886"",""userId"":""3330902"",""canCancel"":false,""cancelRequested"":false}",3380927,round_1_template_2.csv,false,9682886,SCORED,false,3380927,0.5653,-0.0961,Kannan Lab,0.1963,0.4616,-0.096,1.6551
